Price,Close,High,Low,Open,Volume
Ticker,RELIANCE.NS,RELIANCE.NS,RELIANCE.NS,RELIANCE.NS,RELIANCE.NS
Date,,,,,
2016-10-05,237.61460876464844,241.34438747710735,236.8294021557144,240.79910066090105,10789932
2016-10-06,242.28228759765625,245.65215753884016,238.18170914494164,238.18170914494164,21111045
2016-10-07,241.88966369628906,244.95416644191027,241.3443769039714,242.9802372809243,15280380
2016-10-10,239.1304931640625,244.72516085484094,238.6179227178514,242.98023151284224,11553662
2016-10-13,230.58041381835938,237.53827728184586,229.45710925920062,237.52737183641736,21938040
2016-10-14,235.05174255371094,236.00054534377966,231.56189839897752,231.85635996003558,15265659
2016-10-17,231.34381103515625,235.7388366109687,230.92938954621997,235.56433492299126,9826781
2016-10-18,235.80426025390625,236.16415450156984,231.64916919817793,232.51071391954494,11073137
2016-10-19,237.16746520996094,238.77062384438344,235.86968815162695,236.5349348480837,17073242
2016-10-20,237.21112060546875,239.4904170043058,236.4477102839393,238.6070467796813,10125508
2016-10-21,232.1181182861328,239.27229411104634,230.85304297465063,239.27229411104634,43608816
2016-10-24,231.9218292236328,234.25566751138666,231.34382601479857,233.383202695029,10513017
2016-10-25,231.38743591308594,232.34714424977685,229.93696796240553,232.29261702155662,7658966
2016-10-26,229.90426635742188,231.08209824247504,229.47893939004229,230.34049877114433,10945927
2016-10-27,228.73733520507812,229.87153064918294,227.58132887012542,229.26081114543476,12842476
2016-10-28,230.1005401611328,230.76578683590748,227.66855323662065,229.02087203518477,8127969
2016-11-01,229.23899841308594,230.31866662139794,228.45377722885513,229.30443108510397,10223897
2016-11-02,223.2953338623047,227.46134460811464,222.69551986822378,227.05782861064017,7039997
2016-11-03,223.33897399902344,225.6946229519764,222.6082946138057,223.31716310871863,7311872
2016-11-04,219.32565307617188,223.9824088738622,218.11510506805647,222.5319410890067,11535892
2016-11-07,218.365966796875,221.7249313688768,217.90792352614616,221.1687390887076,9506040
2016-11-08,218.8785400390625,219.35839420679383,217.74433001351096,219.35839420679383,13432073
2016-11-09,219.11846923828125,220.07817761489426,202.84707774026717,207.20938721941647,21640144
2016-11-10,220.38351440429688,224.42955083103493,219.6419150514683,222.17205099875463,9764091
2016-11-11,218.496826171875,221.9321433284599,217.04635828087217,217.64617232662354,14775330
2016-11-15,214.93064880371094,218.11512623681472,213.6546680053739,217.35173049490948,14487470
2016-11-16,215.18145751953125,217.41714646624354,213.9054913792178,217.02453589999087,16550762
2016-11-17,213.2620849609375,217.71162345798209,212.531390950878,215.06152725076979,12628378
2016-11-18,215.3887176513672,216.52291323346455,214.18907482875625,214.84343075382003,18163751
2016-11-21,216.2611541748047,216.70827743299952,214.4507920113533,215.3995948743663,13232434
2016-11-22,218.431396484375,219.8164171631175,216.65375065322283,217.61345896353697,17646355
2016-11-23,220.0781707763672,220.4053487091396,218.01698328791883,219.20570599564596,13107911
2016-11-24,215.35597229003906,219.32567085243767,214.2326823060655,219.32567085243767,18913793
2016-11-25,216.74099731445312,217.22085147647007,214.70163532589027,215.93397978742965,10454964
2016-11-28,215.20327758789062,218.24598412611937,214.64708532864518,216.58831279346612,8312777
2016-11-29,217.61346435546875,219.05302685660882,215.50865511183503,215.71585857851105,9885281
2016-11-30,215.9448699951172,218.1042062918196,215.20327063341747,218.1042062918196,27596098
2016-12-01,217.62435913085938,221.38685416345433,217.02454509146204,218.11511871945842,12627845
2016-12-02,216.97003173828125,219.20570636261348,216.32659587742583,217.22085699115408,12481430
2016-12-05,216.77369689941406,218.04966295864932,215.17053840241837,217.02452210968903,3987213
2016-12-06,219.2493133544922,219.54377493061577,216.93730076569585,217.2426532268541,6726369
2016-12-07,217.92970275878906,219.7727664594512,217.3189833398714,218.98755993798713,4930865
2016-12-08,222.4883270263672,222.87003215351368,219.06391544683692,219.21659167369296,8750556
2016-12-09,224.42958068847656,225.06211111944657,222.54288028160954,222.91368000735392,8239158
2016-12-12,224.0478515625,227.21051793922015,222.58647826787612,222.58647826787612,9023848
2016-12-13,226.7960968017578,227.05784203938563,224.1241900010077,224.22233900511569,10365823
2016-12-14,231.0929718017578,232.17263996074027,226.4471212606793,226.79609549549772,24139260
2016-12-15,229.664306640625,232.85968922402927,228.7264092980544,229.54434675169307,19331986
2016-12-16,230.58041381835938,231.63827114493978,229.45710925920062,229.45710925920062,14942206
2016-12-19,231.7582550048828,232.71796342182563,229.9697035296688,230.11148889490516,15009634
2016-12-20,230.7439727783203,231.42012488831446,229.7079264446169,230.0460097796169,11688169
2016-12-21,231.91091918945312,232.79428943453905,230.59133110482654,231.22386153216854,20367894
2016-12-22,229.7515869140625,231.78005814566168,229.22811093687588,230.76582252986208,28892834
2016-12-23,230.61312866210938,233.15417023054383,229.4571077741469,229.4571077741469,10265033
2016-12-26,228.4646759033203,232.51071248324985,227.85395642257762,229.9696709951541,15321770
2016-12-27,232.22715759277344,232.75063348338534,228.36651379950698,228.55192091410248,17442849
2016-12-28,228.9554443359375,233.2850372135143,228.38834661333428,232.9251429541673,9637310
2016-12-29,232.39071655273438,233.12141037532422,228.91177821295213,229.0208472061776,8772325
2016-12-30,236.0878143310547,236.65492662529346,231.87819582694956,232.24899553933412,15711974
2017-01-02,236.67674255371094,237.74550537097053,233.8957664916517,236.43680818411772,7097888
2017-01-03,237.61460876464844,239.2722946635221,235.80426119404578,237.71277233077117,6434204
2017-01-04,232.7615509033203,238.39982610187582,232.13992598123727,238.3780152119784,10392483
2017-01-05,234.9972381591797,235.542524996326,233.11055240025695,233.60131200968934,8734164
2017-01-06,234.4628448486328,236.65491209133418,234.05932882405543,234.29926317380685,7845839
2017-01-09,235.06265258789062,236.87301464750885,233.60129387856793,234.9099763621418,5228980
2017-01-10,237.71275329589844,238.70516328272092,235.56430797847543,235.56430797847543,11349916
2017-01-11,236.88394165039062,238.98875090836333,236.4368038171414,238.83607466871985,11475958
2017-01-12,236.28411865234375,237.82183011640626,235.52070836294743,237.0911361628406,4371992
2017-01-13,237.83273315429688,239.38135004796092,236.55675238979543,236.55675238979543,7234429
2017-01-16,234.7464141845703,238.6070438476991,234.24474912687495,237.73459363953876,12013154
2017-01-17,227.1123809814453,232.9469544645189,226.51256692094339,232.2926131766993,39234251
2017-01-18,225.21475219726562,228.58463642090047,224.38590930679072,227.40680475127732,15867619
2017-01-19,225.465576171875,227.9957118833212,224.87665309834472,225.78183403580277,15284274
2017-01-20,223.74249267578125,226.28353422637693,223.32807119508195,225.5201384966736,8784907
2017-01-23,221.5831298828125,224.8766613256199,220.90697779587975,222.8700159527871,13708502
2017-01-24,224.06967163085938,224.3968349908142,221.82307709246723,221.82307709246723,9419288
2017-01-25,221.88853454589844,225.2474992228769,221.6376947317042,225.0948229811982,23856654
2017-01-27,223.58978271484375,224.41862555121705,222.25927491119288,222.5319255621068,21861796
2017-01-30,227.8866729736328,228.24656721941435,223.52437848418708,223.55709481925751,15678126
2017-01-31,227.9739227294922,229.84971756453626,226.90515996813184,228.33381698505463,15125194
2017-02-01,228.94454956054688,229.21720026912456,225.79278832303294,228.17024833860086,11312284
2017-02-02,227.60313415527344,229.19537282797552,226.45803329394766,229.0208857054899,9099129
2017-02-03,225.45469665527344,229.11902804082888,224.68038095177474,228.14841433024927,13219481
2017-02-06,227.19960021972656,227.90846865896796,225.10569667488446,226.1853647801933,9991907
2017-02-07,224.85487365722656,227.35229338718685,224.047856159165,227.2759552714249,9905562
2017-02-08,223.6007080078125,226.45802185421633,222.91365043772575,224.854863257337,16230826
2017-02-09,225.25840759277344,225.53105830217532,223.96063040164242,224.2223611050606,9861688
2017-02-10,224.69131469726562,225.86913200811415,223.68798452579958,225.74917209978867,12518554
2017-02-13,224.6258544921875,225.5310355368213,222.91365596680097,225.3129120793158,8565757
2017-02-14,228.9772491455078,229.6534158645057,224.63676549778057,225.74915002257464,18244623
2017-02-15,229.30442810058594,230.65674698471244,227.98482555204262,229.6534169068137,15236663
2017-02-16,232.83790588378906,233.2632328276043,229.5770902478851,229.5770902478851,19655195
2017-02-17,234.5828399658203,235.17176320363322,230.8639807463479,232.61981589314308,14847356
2017-02-20,234.56101989746094,235.31352480522636,232.61980679396802,233.50316249611626,11650581
2017-02-21,237.35287475585938,237.95268878928093,234.0484230095452,234.5173717033126,14186476
2017-02-22,263.3740234375,264.2791899796737,238.18171617443,238.39983964580279,127323130
2017-02-23,257.9757080078125,266.5367316359583,257.2341084733438,264.70455825433885,62249698
2017-02-27,270.22283935546875,274.12707611713836,259.63334625180096,259.66604802756177,83422197
2017-02-28,270.03741455078125,272.20767081469455,267.95440184320495,268.71781208116585,36111716
2017-03-01,269.2631530761719,271.4224896534904,268.28163380284377,270.48459216475396,24385665
2017-03-02,269.7538757324219,273.66903228285145,267.63816122973714,270.00468639943205,18063590
2017-03-03,274.5087890625,280.8886639986305,270.8008502100597,270.8008502100597,84305639
2017-03-06,284.7165222167969,286.1669898763998,275.9701236053663,276.7880464245377,66724743
2017-03-07,284.62933349609375,289.4387660264565,282.70991683816817,287.6611347207693,42071555
2017-03-08,281.6302795410156,285.22916414384053,280.51789490959584,285.22916414384053,43336972
2017-03-09,280.65966796875,283.1134663086379,279.5145814901478,281.3685656936207,31094457
2017-03-10,279.5472106933594,282.67717504496215,275.08675305223034,281.42300530351747,24785585
2017-03-14,281.2594299316406,287.69384621599517,280.3324525618673,287.6393044318848,27765035
2017-03-15,284.62933349609375,287.1049424373943,281.4557760391947,281.59753227141823,24107889
2017-03-16,283.0370788574219,285.818039974941,282.15369418243694,285.7307964198825,15924023
2017-03-17,283.7023620605469,287.9010606084958,283.1243588738419,285.29458626542635,22727289
2017-03-20,279.36187744140625,284.9129094927155,278.8274960392178,284.85836770391387,12869337
2017-03-21,275.6539001464844,280.0380056743551,274.67238094113867,279.6672205310077,22596181
2017-03-22,274.75958251953125,276.11188666158495,271.8913780195265,273.0800859456828,20291685
2017-03-23,277.7259521484375,278.65292943042414,274.38879898927337,275.5120742594444,11807911
2017-03-24,280.65966796875,281.80478356737046,276.66815794386685,277.90051711723726,16282523
2017-03-27,272.8838195800781,278.9147199395627,272.03316575085495,277.2461140560793,32452615
2017-03-28,271.7169189453125,275.69750823596104,270.92077779117244,274.388825733832,21707345
2017-03-29,274.0943603515625,274.8250397064237,269.0122775216132,273.01467764631025,18924345
2017-03-30,277.1479187011719,278.0421941138157,273.29819554577165,273.734413249497,27862325
2017-03-31,288.1082458496094,291.7616716924345,276.1337182983731,276.1337182983731,45390562
2017-04-03,299.83197021484375,301.10795106245024,291.6308419553817,292.71052477720616,44886623
2017-04-05,308.6329040527344,309.28725990732505,301.0206992003987,304.31423112447476,40323877
2017-04-06,313.75860595703125,316.02699685439137,305.84104870720677,307.3242184108608,50620850
2017-04-07,306.8006896972656,312.77704778944496,305.9173341643747,310.0070067455602,31875272
2017-04-10,301.2933654785156,310.79225658671766,300.4099806611396,307.54234627690647,30768410
2017-04-11,299.330322265625,305.4593576209089,298.8395626369632,302.71109787639944,32249647
2017-04-12,295.3278503417969,302.4057021648282,294.70622545034604,301.6095610427846,27448279
2017-04-13,297.6834716796875,299.5592369737002,293.8773410772823,295.3278086592861,12713918
2017-04-17,303.5835876464844,304.3906198346723,297.7272025187206,297.7272025187206,11837502
2017-04-18,298.861328125,307.5422947584775,298.1633505689374,305.3502567714873,16016414
2017-04-19,298.55596923828125,301.55506857224754,296.10217128140476,298.5995910188473,11572557
2017-04-20,298.7195739746094,302.4820545755326,297.53083674034093,300.78077596503664,8393496
2017-04-21,305.906494140625,309.94162561214193,300.6826253834939,301.1079523344929,30230907
2017-04-24,309.1564025878906,312.9952360104729,305.40481273218376,307.3351203293265,25512511
2017-04-25,312.51531982421875,320.1384437226784,311.0539611809138,318.4480561910905,36764315
2017-04-26,308.9491271972656,314.09664228731106,305.9282464550188,312.9951778999978,16763153
2017-04-27,307.43328857421875,310.6286861796481,305.8410643345287,309.06916371802555,12571594
2017-04-28,304.3142395019531,309.78891893202416,303.39815292831315,307.4878261720635,11848658
2017-05-02,298.9376220703125,305.79733514410975,298.0106448354783,305.79733514410975,18591411
2017-05-03,298.8395080566406,301.16241130403563,297.7271236508428,300.32267755770084,9500038
2017-05-04,296.189453125,300.9116420574184,295.3387992576331,299.9083119533474,14365934
2017-05-05,289.7113952636719,298.23971513700036,289.0025267950224,296.98554531092043,15598448
2017-05-08,288.2173156738281,292.16520329004334,287.55206896104283,290.0931104757881,16066733
2017-05-09,290.1694641113281,290.8892234921245,287.96647682824334,288.78442889553264,21106150
2017-05-10,296.440185546875,297.42170450085433,290.23482854761136,291.13999484338933,22906024
2017-05-11,296.5384216308594,298.7631907054439,294.8153030385768,297.53083171020285,13783848
2017-05-12,294.5536193847656,297.50906832418406,293.1576930476267,296.64752345048333,7523427
2017-05-15,293.16851806640625,295.8513447878458,290.8565055799695,295.8513447878458,6738085
2017-05-16,295.8295593261719,300.32271935054337,292.4923765243663,293.5938701994747,12655992
2017-05-17,295.13153076171875,297.9343025705111,293.9646046150187,295.10971987449096,9844573
2017-05-18,289.5151672363281,294.4554659415001,288.80629859633945,292.328860021534,9790379
2017-05-19,287.6611633300781,291.3364007680988,285.7308555946252,290.74750664949414,12813204
2017-05-22,288.8171081542969,290.87830992955304,286.8649899421859,289.32967859703115,8801430
2017-05-23,284.7602233886719,290.06044510595825,283.98592212742875,289.1552493667427,9223001
2017-05-24,283.04803466796875,286.5378941508673,282.48095143000967,285.1855604972358,14326531
2017-05-25,284.08404541015625,286.2542726351033,282.77533377620387,283.5496640476299,25922008
2017-05-26,291.68536376953125,293.23396609799767,283.54966874247975,284.4112134677526,21430443
2017-05-29,295.9604187011719,297.8252935233701,291.3145534135725,291.61993500131155,24022633
2017-05-30,296.49481201171875,297.6617383832214,294.12825749157685,295.7423216973924,9658309
2017-05-31,292.4269104003906,298.3705667958535,291.35814774403406,298.16334879512783,16423338
2017-06-01,289.7113952636719,292.2742475795672,288.56630900508816,290.6820235262946,9534069
2017-06-02,288.94793701171875,291.9906575111027,287.2575496765089,291.1836256137745,11495005
2017-06-05,289.9512939453125,292.49233518677266,287.00676583753545,289.2751564201241,10835031
2017-06-06,286.34149169921875,290.95462555823025,285.94889571462613,290.95462555823025,9591064
2017-06-07,292.05615234375,292.71050817926755,285.51271046863064,285.99255005999987,11199223
2017-06-08,290.4638977050781,293.3212117091364,289.6677856450208,292.2742598493302,7903123
2017-06-09,291.33636474609375,295.09884529203276,290.3112237685909,293.3866467010995,13836547
2017-06-12,287.7919616699219,290.03857051480406,287.2575803489571,289.3405929723157,8432435
2017-06-13,286.6795959472656,289.43874628483593,285.94891658482817,288.0428202288354,6025338
2017-06-14,296.09130859375,296.6365809027536,287.01771529178126,287.01771529178126,52939271
2017-06-15,301.8603820800781,304.270557945347,296.440216384158,296.63651437137247,28290813
2017-06-16,302.9183349609375,304.4451266127883,298.66506516502824,302.9837676408732,32710880
2017-06-19,307.3787536621094,308.80741080339817,303.22367671348997,303.22367671348997,15236956
2017-06-20,308.05487060546875,310.1815050838986,306.9861079240045,307.3241912636536,10142474
2017-06-21,310.1596984863281,311.4683809650011,306.2881345935681,307.06246484412753,19992472
2017-06-22,312.4826354980469,315.26359672528025,311.40295278158476,311.78465791003055,22118609
2017-06-23,313.1806335449219,314.52204714924125,312.0355470983214,313.2133644445475,31143289
2017-06-27,313.4641418457031,314.7401226352008,310.8140458182937,312.34086641154175,32591540
2017-06-28,305.0340270996094,314.074889223181,304.39059123489363,314.074889223181,15567803
2017-06-29,303.7689208984375,307.5423214382329,303.2018377449507,305.3611741463324,12898245
2017-06-30,300.9988708496094,303.70347943566975,299.91918812016473,303.61623587612024,7814271
2017-07-03,301.2278747558594,304.2051631862772,299.0358366121598,302.78739708416896,9195278
2017-07-04,310.1487731933594,311.27207765374163,302.9618960078436,303.18000489723477,18816782
2017-07-05,314.6637878417969,315.7107396809208,310.59592582019263,311.7846630042028,27209010
2017-07-06,314.6419372558594,316.26689203449087,313.6494982068909,315.9833213804944,13590313
2017-07-07,325.2423400878906,326.6818878555257,314.0857648086871,314.74009146669783,35845310
2017-07-10,325.61309814453125,327.3689473310256,324.79517532995914,326.1038576572763,3504540
2017-07-11,325.9403076171875,328.13234553411354,324.3371636743567,327.3907753445121,20995547
2017-07-12,329.59381103515625,332.625612532755,326.62744221678514,327.04184918522674,17104482
2017-07-13,334.63214111328125,335.26971434851987,331.1255470224647,331.6971674421439,23010262
2017-07-14,337.19342041015625,337.6880812587091,333.19216507304014,334.170509308723,20530867
2017-07-17,341.1507263183594,342.8765359785552,337.9079429402156,337.9079429402156,18749450
2017-07-18,334.1485900878906,341.16175107886903,332.19193058709504,340.062507796024,19640167
2017-07-19,337.0175476074219,338.12779749377114,332.5436156776203,332.5436156776203,11790198
2017-07-20,336.12713623046875,340.7659350792836,334.9838953709474,338.51247379584964,13626050
2017-07-21,348.4607238769531,349.9336997167253,339.6557718734784,340.7659924844178,97142371
2017-07-24,355.1111755371094,357.23270229695584,348.46074095327907,351.75847056104095,43429394
2017-07-25,352.23114013671875,357.24370195476524,351.23081152501555,357.18872658756004,20063064
2017-07-26,356.760009765625,358.3319295298749,352.0002819207915,352.6818238295933,21954323
2017-07-27,350.615234375,358.6836689403043,349.19720457864884,357.9142192981585,18409364
2017-07-28,350.5382995605469,353.06657947544653,346.9217832560767,349.83477334354353,14331863
2017-07-31,355.1001281738281,355.8915914077348,350.8790300616609,352.18713842233285,16567422
2017-08-01,352.5498962402344,356.7599875705959,349.8897109501536,356.7599875705959,12311920
2017-08-02,358.17803955078125,359.6070468448205,353.53921054903253,353.9569411452772,20786240
2017-08-03,362.7728271484375,366.0266170180593,355.50683400404534,357.6613515005247,19707381
2017-08-04,356.6280822753906,365.6089079764431,355.0781468820749,365.6089079764431,18579866
2017-08-07,355.35296630859375,358.7056415909039,354.51753451555027,358.7056415909039,9537088
2017-08-08,352.319091796875,356.3863005384344,348.85646536202665,355.7157653992552,10961296
2017-08-09,351.4945983886719,356.1554114571411,348.4607097285341,352.08820316656966,10436651
2017-08-10,348.31781005859375,353.2204503327047,346.9107870521037,350.2305007613479,10188164
2017-08-11,339.9415588378906,347.36144256565643,337.02853961889866,340.9748491325664,16996281
2017-08-14,345.8335266113281,348.3507997781629,343.1843477787429,343.1843477787429,13440617
2017-08-16,344.3055419921875,346.4820437840534,340.809925079827,345.60264348755703,13576650
2017-08-17,344.5253601074219,351.24174600460435,343.2172518929719,344.94306127644467,15828719
2017-08-18,346.3501281738281,346.8777801218553,341.45849493678236,343.8438621373288,7935890
2017-08-21,343.93182373046875,348.27385040535904,343.01946158325046,346.7019306140107,7573558
2017-08-22,342.9754638671875,347.33944509592527,342.09606353362403,345.60265805485136,9533641
2017-08-23,347.8121337890625,348.8014555298424,341.45850211335465,344.03075037998343,8320052
2017-08-24,344.7342224121094,350.24144441651515,343.95376601869066,349.55993193066377,12654347
2017-08-28,344.40447998046875,347.7901464035598,343.22827723425917,347.1526024250601,12316426
2017-08-29,336.8416748046875,344.61333598676276,336.36899822657466,343.371180448652,15164812
2017-08-30,343.86590576171875,344.89919620975695,338.8423660085038,340.2274049149356,10334911
2017-08-31,350.5492858886719,351.1978366994043,346.04236259993326,346.2622053575539,25104625
2017-09-01,353.9789123535156,355.4079195948004,351.53859910026716,351.7254507639491,15431918
2017-09-04,354.69342041015625,359.70598198220995,350.8460547912308,355.16609700920856,21560532
2017-09-05,358.925537109375,359.4201979998934,356.3862798281477,358.35391657636336,25216776
2017-09-06,361.73956298828125,363.30050521525425,356.77099943555487,357.56243333503215,48745984
2017-09-07,359.7169189453125,366.0485950376591,358.353864666123,361.8714657564821,16205339
2017-09-08,359.1893615722656,361.98145280788725,357.07881227566315,360.5524160987992,13248413
2017-09-11,359.6290283203125,363.56433110666393,359.0354528718815,361.1240177823302,12690592
2017-09-12,362.2013244628906,362.75093143213553,359.23335877444686,361.76160953598765,6500191
2017-09-13,373.30364990234375,378.0963393329069,361.4317889996409,362.3111893648229,29377106
2017-09-14,371.0391540527344,378.7998374866457,370.2257359252255,376.2935715799691,11867640
2017-09-15,370.1378173828125,374.99645952368064,367.0379465789162,370.225754482086,28595395
2017-09-18,371.78662109375,374.20497907742197,370.7093624101637,373.74328001217174,5061995
2017-09-19,368.7307434082031,373.193697691398,368.02724665538426,373.1717134178724,7718697
2017-09-20,372.49017333984375,383.6365229362676,371.58878876955305,376.42547572544214,24942703
2017-09-21,369.93994140625,374.490833196917,367.6974865999516,372.4242525947984,12950541
2017-09-22,359.4091796875,369.3023971813547,357.56244184178007,369.3023971813547,12294087
2017-09-25,361.2339172363281,364.04799243111563,354.0448540033758,358.3538892179402,14229631
2017-09-26,360.5963439941406,363.6522462093961,357.12274056266733,361.29987013085093,10564143
2017-09-27,351.38470458984375,363.0587077764853,349.7798230336181,363.01473922293127,18448855
2017-09-28,345.800537109375,353.03356932788677,343.05241457234666,351.6045620454738,29547622
2017-09-29,343.36016845703125,348.8563832939279,342.5687053020986,348.13087295594806,16666208
2017-10-03,351.0329284667969,353.4512574244829,345.31684084671826,349.5599526874431,18345748
2017-10-04,360.0467834472656,362.7289239889092,349.82380095709567,351.40669827894175,18907611
2017-10-05,362.3771057128906,364.26781190498235,359.95877696570324,362.75083835608336,10631751
2017-10-06,368.04925537109375,369.06056137193184,361.6955944397509,362.31118349084875,12997688
2017-10-09,365.2351989746094,369.2584389106859,364.07000298871617,368.90666114125344,8850408
2017-10-10,370.75335693359375,372.5561260737543,365.3890474118601,365.3890474118601,14732024
2017-10-11,369.4123229980469,377.4368184671019,367.5875694059078,371.6767621056397,15420644
2017-10-12,383.7464294433594,385.5272142413487,370.2696886611606,370.2696886611606,18642942
2017-10-13,385.3733215332031,391.6390158155488,384.0102671755721,386.62648387087313,21509701
2017-10-16,385.5272521972656,392.2106478886648,378.71192150471217,386.4945896462184,32009221
2017-10-17,384.45001220703125,388.6930948847174,381.30614333029655,386.0548937079238,13898844
2017-10-18,402.10382080078125,403.5987806835432,384.73574653562684,385.7910209680173,36671941
2017-10-19,400.0812683105469,405.3576412543577,397.0473501989178,402.6754715551483,8014767
2017-10-23,413.2061767578125,415.3827078170376,399.72943597723133,401.4002994111317,27455320
2017-10-24,410.7878723144531,416.7018181492623,408.1277164485432,416.7018181492623,13857773
2017-10-25,413.2721862792969,415.91035788990115,408.699310481948,413.36012337621696,10011782
2017-10-26,416.5699157714844,421.1427622206605,409.35886835828296,413.3161551285705,16840049
2017-10-27,408.8531799316406,420.6590868200903,407.0284265589064,417.7131061662602,11498547
2017-10-30,414.4154052734375,415.7564753768604,409.1830011559744,410.6779611817489,7823263
2017-10-31,413.68988037109375,415.8443979115637,409.8864835887435,415.49264952993616,9504986
2017-11-01,418.83441162109375,421.14281943352836,415.84446186294304,416.72386230375264,17571371
2017-11-02,416.2181396484375,420.57117272355947,415.1848494033608,418.94427772003394,10277678
2017-11-03,415.6465759277344,420.32934407515495,413.38213681925845,420.32934407515495,4798537
2017-11-06,410.01837158203125,414.4153729206034,408.4794431271554,414.4153729206034,9757496
2017-11-07,398.6741638183594,411.1176144983606,397.0692825450814,410.39213349262496,20447574
2017-11-08,390.3639221191406,398.3664332566556,388.7370563717959,396.82750461178887,17752793
2017-11-09,395.9481201171875,400.08128150544513,392.23265998245427,393.4198402650277,15007224
2017-11-10,388.6271057128906,396.14593286877397,386.5825095313214,396.14593286877397,13923102
2017-11-13,384.8457336425781,392.16670310241875,384.0762546214768,389.1327849220655,9088619
2017-11-14,389.8802490234375,393.52972665263053,383.8563816887379,384.73578202209205,12481463
2017-11-15,388.5611572265625,391.59504577032317,386.032877638094,388.91290561389684,15272059
2017-11-16,397.42108154296875,398.3664347496524,389.3526175483563,389.3526175483563,15160866
2017-11-17,400.9606628417969,406.67672121771665,399.4656734078237,404.0605337355176,12219276
2017-11-20,404.89593505859375,406.4348930391286,397.92674364990773,398.45436625934656,9231195
2017-11-21,410.0404052734375,413.1622604567484,406.9405343656815,407.51215488161296,13082246
2017-11-22,409.24896240234375,412.722565918559,406.03914083551564,412.1949139652783,11058315
2017-11-23,416.39404296875,417.6691602307805,407.44617915721494,409.3588697260112,16031638
2017-11-24,418.19683837890625,421.89031436132217,416.56997251160783,417.7131842796163,13987125
2017-11-27,418.3066711425781,421.0108247247662,415.07489501840143,416.5039314392848,10237135
2017-11-28,414.7891540527344,418.30672618333006,412.48074642479656,417.6471979190636,10153618
2017-11-29,415.9543762207031,417.7131770726038,413.7558898315795,414.129622538219,8038351
2017-11-30,405.2037353515625,413.95371157761963,404.30235072876485,413.95371157761963,20637767
2017-12-01,400.169189453125,409.4688018990885,399.1139149064519,406.4788524582643,11114967
2017-12-04,396.4317321777344,401.7960418329414,394.563010170205,401.664136187916,10103208
2017-12-05,401.7521057128906,404.85197667570475,393.72763953228923,396.1899371411829,18306627
2017-12-06,407.4461669921875,409.0510483210935,399.5975464824616,400.12519840187605,24078081
2017-12-07,409.6006774902344,411.5573365156968,405.8412493523123,408.9411199401516,12095301
2017-12-08,404.96185302734375,411.9750417346528,404.104466360806,410.6119874260927,12224184
2017-12-11,402.8293151855469,407.16036377318153,401.6861036250772,405.59942166947314,10792248
2017-12-12,402.5875549316406,408.4795172484126,399.24585678915236,402.74144486990264,15782031
2017-12-13,402.1697998046875,406.6986776443967,400.4329834596337,403.15912148393954,9147866
2017-12-14,405.1817321777344,406.67669215336315,399.57556622825024,404.0824891320219,10983157
2017-12-15,404.41229248046875,410.21631745807645,403.510907812253,409.3589013418954,24408414
2017-12-18,404.96185302734375,410.0843355105695,379.30550141571325,400.98261146916843,18581421
2017-12-19,407.1384582519531,407.60012807949096,404.52224117472286,406.1051678578632,8891691
2017-12-20,403.7087707519531,407.77597926606916,403.203132397973,407.116450978269,10443493
2017-12-21,401.42230224609375,406.2589892377491,400.1252007408886,403.8406310661712,9071450
2017-12-22,404.6980895996094,405.57748999513444,399.81743354777205,402.16983914504027,10658428
2017-12-26,408.83123779296875,412.83249332087905,403.708754868408,406.6547358258531,11596338
2017-12-27,406.1710510253906,412.216873058955,404.0824863179319,410.23825907165235,9520350
2017-12-28,406.3689270019531,410.8538364423893,404.12647228173506,406.8305967702033,15511891
2017-12-29,404.9839172363281,409.93052650790486,403.8626897149715,407.38029157542866,11089700
2018-01-01,400.01531982421875,405.7093940695705,399.0259980520491,405.7093940695705,9453202
2018-01-02,400.630859375,404.3243349654804,398.5422945557765,401.44430689808223,9499419
2018-01-03,402.23577880859375,407.1604032514544,401.4662998187556,406.7206883923315,13507800
2018-01-04,404.65411376953125,405.3136713921885,402.63150170165216,403.7087605627071,9008932
2018-01-05,405.9512023925781,407.5561131706841,404.63211654099234,405.3136584175376,7441284
2018-01-08,408.2816162109375,409.3588750180191,406.06114577296336,407.20435740385597,8827020
2018-01-09,413.7338562011719,415.03095773275516,406.2809817737514,408.1057058870631,14294571
2018-01-10,414.3494567871094,416.5699272501448,411.3375230779073,414.6352523601828,11727682
2018-01-11,412.32684326171875,414.48136089217263,411.11764944637065,414.1075988695826,7849171
2018-01-12,417.2734680175781,418.9443317853938,412.54673102033144,414.63529605434854,15071161
2018-01-15,417.33941650390625,421.450593697631,415.6026292741727,417.71317856338413,11120925
2018-01-16,405.81927490234375,416.7018133088848,404.52217339556626,416.7018133088848,10825151
2018-01-17,406.5008239746094,408.47946735645695,398.8060931893132,407.1603815523922,13204016
2018-01-18,404.3902893066406,408.7432931606718,402.3676773045552,408.4794818607916,9381821
2018-01-19,409.4907531738281,410.85380745924664,405.4455295123285,405.8412464286276,9973533
2018-01-22,427.1666564941406,428.3978052812969,413.31618127350276,416.8337534298782,45700733
2018-01-23,432.33306884765625,435.71873504339794,428.70557564182593,428.70557564182593,22526810
2018-01-24,424.9022216796875,431.67355475299144,423.27532656318414,431.67355475299144,14289485
2018-01-25,424.7043762207031,427.3865166606427,420.4172955393989,425.58374728199215,13669901
2018-01-29,424.0887145996094,429.7168351868709,421.8022915282687,424.83620922537426,9897064
2018-01-30,417.8890075683594,424.6603695937107,417.2734185291451,424.6603695937107,9182956
2018-01-31,422.6817626953125,424.0887857402805,413.9977093299284,417.71316945774777,12551686
2018-02-01,415.009033203125,427.65034492821997,411.82122492509683,423.53919699924336,16524809
2018-02-02,397.64093017578125,415.05297576450937,396.1679543304869,411.11767294971105,28965593
2018-02-05,396.673583984375,401.2244757796737,387.72574902559705,393.0900590160554,19191099
2018-02-06,392.25457763671875,394.84880987776666,382.9769503653933,385.6151511519759,24062503
2018-02-07,393.2659606933594,398.1026484086246,391.3312856072533,396.8495152635232,15532284
2018-02-08,397.7288818359375,400.41105166387064,392.36457153157573,394.80491431436445,13825894
2018-02-09,394.7829284667969,396.6076527880399,389.5724787694808,390.89159407711986,11580639
2018-02-12,402.5435485839844,403.73072877633416,396.6296025455643,397.0473331188459,11877059
2018-02-14,410.52410888671875,414.41544325742615,404.96191078861597,405.841311205587,22247829
2018-02-15,411.4034423828125,415.84438294705177,408.10568401772457,412.282842656736,13363743
2018-02-16,405.09381103515625,414.45937624217123,403.6867587481529,413.1402610541679,9628162
2018-02-19,407.60009765625,409.79858394534585,401.6861513406502,404.96189649843313,8941900
2018-02-20,405.00579833984375,408.7212577543578,403.9945218168144,408.47943075972034,8458450
2018-02-21,408.6333923339844,410.0184310795045,405.4675685217216,408.9191879232259,11917390
2018-02-22,406.4349060058594,409.3589027809596,404.52221528261697,405.4016156779068,11196908
2018-02-23,410.7878723144531,412.4367515729764,405.73134252001597,406.89653839741874,10610664
2018-02-26,412.74456787109375,415.4707061515473,411.82119892693214,412.8764735271878,8435611
2018-02-27,417.9329833984375,420.26337524552326,412.5906578294948,412.87645340376895,14021366
2018-02-28,419.7137756347656,420.8350030278222,414.7231983785712,415.9323628729262,56650480
2018-03-01,417.00958251953125,422.0661121264232,415.9323237783782,417.6031872490032,8956590
2018-03-05,406.3249816894531,417.7791123185467,405.2257385411593,414.6352728052159,12325694
2018-03-06,400.4989929199219,411.6453442554086,397.9707423551225,408.4795203043922,16019726
2018-03-07,391.2213134765625,399.7954152379052,390.47381880127335,399.7954152379052,15853546
2018-03-08,400.7627868652344,402.1038864106876,392.7822891783494,394.69495055104676,13283967
2018-03-09,401.48828125,404.2364037076672,400.58689661426115,402.27974450961244,10638527
2018-03-12,409.0511169433594,410.28229517803504,403.44497946128604,404.52223840299837,8315150
2018-03-13,409.7326354980469,411.5573891170152,405.1158201118897,409.7546197741428,11148731
2018-03-14,408.5014343261719,409.8205200743589,404.17041508438297,408.39151295978127,14724464
2018-03-15,400.9166259765625,408.6773092701264,400.1251921370827,406.7206502417463,12711836
2018-03-16,395.75018310546875,399.99326503433707,389.5944107974892,399.68545587288935,30814962
2018-03-19,393.7496337890625,398.76216623768994,392.21067573086674,396.1679629073655,12630833
2018-03-20,391.2433166503906,397.48702694206247,390.0341521578806,392.7822746237687,15192983
2018-03-21,394.3652038574219,396.7615487619695,392.7823065562773,393.46381914570554,14715126
2018-03-22,399.3117980957031,400.9826617944784,393.85955082567887,393.9694722069794,22129723
2018-03-23,393.0461120605469,395.72825252739256,390.935562789273,391.59509109185586,23469999
2018-03-26,396.2119140625,397.6189370483925,392.43050126406655,393.06807460615215,13227705
2018-03-27,395.6402587890625,400.4549614662703,394.4091101156281,398.8940486887464,15179544
2018-03-28,388.1214599609375,393.90350044850135,386.93427974844013,393.8815161732977,19160609
2018-04-02,392.62835693359375,396.14595840040124,389.79232670657075,392.6503412089737,12494499
2018-04-03,395.5303955078125,396.4757487632019,389.2427162241091,391.7709961145938,13922126
2018-04-04,393.4857177734375,400.91660726897794,392.2325849012351,397.7947525488693,14214534
2018-04-05,399.3337707519531,400.1252340257902,397.2671901406303,397.9707163119858,8527915
2018-04-06,400.56488037109375,403.8626094462106,397.92670885160027,399.245794611347,9664888
2018-04-09,402.76336669921875,404.0824818113761,401.24642247718776,401.24642247718776,7813897
2018-04-10,403.2250671386719,406.2370006707926,401.9499499207339,403.81864252477226,8455132
2018-04-11,409.2929382324219,410.12834070009694,402.7853872342242,405.31366696722233,13140816
2018-04-12,408.34759521484375,411.84318315544266,406.36895167065467,408.8532335631459,10822592
2018-04-13,412.810546875,414.0636800388565,408.3476211548157,410.1063926990947,12616816
2018-04-16,412.0190734863281,413.31620452486817,408.2596740864619,410.8758617374064,8934275
2018-04-17,415.184814453125,416.4819452324872,411.5573214393035,413.31612194076166,9599816
2018-04-18,412.436767578125,416.92167706918997,411.1396366544429,415.62457549700974,7360987
2018-04-19,414.32745361328125,415.5146337526287,411.1176322253227,412.92040138394316,9802587
2018-04-20,407.99578857421875,414.12957725683026,405.0498370939298,412.43675877211217,7326696
2018-04-23,411.5574035644531,415.22886585586633,408.25967397979014,408.91920228582006,7674482
2018-04-24,426.5290832519531,429.0133944540038,411.11766575439253,411.46944351616685,19921115
2018-04-25,426.7269592285156,431.69552279157006,423.67105694467574,428.1119979069819,14079382
2018-04-26,428.8594970703125,434.4216654685655,423.09944084321853,427.82620678159736,34096999
2018-04-27,438.0711669921875,444.53471994533214,433.3224168389882,435.2131231902759,25518647
2018-04-30,423.5611267089844,436.4442638257751,422.11010588427666,431.78348021065676,19406069
2018-05-02,427.69427490234375,430.5522892138652,424.33056358785217,425.1879796219088,13381914
2018-05-03,422.8136291503906,429.98070807246245,421.78033890105667,429.98070807246245,8634812
2018-05-04,419.449951171875,424.17668762438456,417.7131347727149,423.36324011139175,8302649
2018-05-07,426.94677734375,427.93609901457063,420.50520902228476,421.6044520619188,7683268
2018-05-08,425.23199462890625,431.7835144308885,424.3965627774853,429.80487085965603,10792648
2018-05-09,429.4530944824219,432.79479254745905,423.099462498123,424.7043733772384,9831044
2018-05-10,431.4096984863281,432.92667206546025,428.37578067956395,430.90406019428417,8781584
2018-05-11,434.9712829589844,435.8726382057994,429.91475310958987,431.4536816629702,8774740
2018-05-14,433.8060607910156,436.15846621363016,429.45305704028226,436.15846621363016,5642499
2018-05-15,430.4423828125,439.6980266146841,429.43107682589437,432.2451520389496,10501479
2018-05-16,420.4172668457031,428.26588784406755,418.7904011418488,428.26588784406755,18840763
2018-05-17,415.66851806640625,422.1100863263397,413.9756702998503,421.82429077015496,10353948
2018-05-18,410.6120300292969,419.25208522362976,409.7985824738615,415.77848159557163,11440117
2018-05-21,409.5127868652344,411.425477561161,405.44557843979345,409.248975555866,14491208
2018-05-22,407.4902038574219,410.6780121275241,406.72072479870616,410.30427941259325,11310073
2018-05-23,401.11456298828125,407.1604150015514,399.7514791723163,407.1604150015514,9991028
2018-05-24,402.69744873046875,404.96188779849956,400.19118263316335,401.88400118958805,11632489
2018-05-25,404.8739318847656,406.0171435033568,402.08187033713955,402.7633828425202,17782410
2018-05-28,404.6980895996094,407.6001020993911,403.686783547481,406.6767331516649,11369679
2018-05-29,403.4010009765625,408.0398007894918,402.0599307396476,405.18178610118196,17878384
2018-05-30,402.80731201171875,405.9291667211517,398.6301828843295,402.2577052062719,13105124
2018-05-31,405.11578369140625,405.5334848996768,402.12583435665135,404.96186442106887,37080158
2018-06-01,409.1610412597656,411.44746465964994,403.8406703753189,404.5222122806992,19174278
2018-06-04,413.68988037109375,415.0749189752529,409.16100255163656,410.4141355126854,12250151
2018-06-05,416.6798400878906,419.91161647940135,413.7558435379996,414.54730676795157,17436812
2018-06-06,419.6478271484375,420.3513239660994,414.48137563621924,416.394066312243,9164022
2018-06-07,427.1007080078125,429.14530436580736,419.66981730657943,419.86767578932023,14999572
2018-06-08,432.8168029785156,433.7841111323126,422.37394890621266,424.9022287263294,14289325
2018-06-11,432.06927490234375,439.6760393490657,430.486348433424,434.0259340382162,15018718
2018-06-12,438.4449157714844,439.698048842878,431.0360093705574,432.3990638208888,16285583
2018-06-13,440.7972717285156,442.29226111637854,435.08121352889714,439.6980286381466,12962502
2018-06-14,443.1936340332031,444.8864524978692,434.1578331747486,438.5767896943391,11997529
2018-06-15,445.9417724609375,450.03096528434185,439.3682976970795,442.3362630706637,24705890
2018-06-18,446.53533935546875,448.6898569663923,442.77591099788714,443.5673742339309,12363932
2018-06-19,437.96124267578125,446.2055805499414,436.905938780823,445.8098342514566,13881382
2018-06-20,448.1622314453125,449.76714228658346,437.433611307361,437.9392496522937,15735681
2018-06-21,453.7464294433594,455.5272145536468,449.06363176299374,450.0089850097201,22988909
2018-06-22,445.19427490234375,452.53722816258426,443.4134899365319,452.1854504134907,35370008
2018-06-25,441.6546936035156,446.953050652031,440.70934042415786,444.7105958922529,11369371
2018-06-26,430.4423828125,442.3362276303299,428.81551713496145,442.3362276303299,17649122
2018-06-27,427.52117919921875,436.1747266340686,426.1268525939572,433.12052820746794,19595831
2018-06-28,418.2701416015625,428.69424861566904,416.2118776803641,425.8170994633865,18770484
2018-06-29,430.44256591796875,431.79263007897777,420.06272329721133,420.1069857583786,17425606
2018-07-02,425.1973876953125,430.3983754914588,423.6039092788918,430.3983754914588,14570004
2018-07-03,429.93359375,433.0984487061848,425.0867059935559,427.1449697541093,11084063
2018-07-04,438.2551574707031,439.09617383964246,429.80079041244744,430.15489012665074,10938521
2018-07-05,426.92364501953125,446.35542839889365,424.3121005108988,441.30935969244535,40946479
2018-07-06,432.7000732421875,435.11243665609027,426.92364433094065,427.03430049233924,20039239
2018-07-09,441.3536376953125,442.63727876250505,435.33376500734437,436.9272728855685,11309207
2018-07-10,454.0130920410156,455.2524707360429,442.6373123426152,443.85455980286895,22846197
2018-07-11,459.8116455078125,460.74118690119207,450.538392356147,453.7032475214379,18953870
2018-07-12,479.0884704589844,486.45837816909665,461.49363722739486,462.26825996028464,52736376
2018-07-13,486.8124694824219,490.884734386246,478.048235627263,478.26957749632805,39301408
2018-07-16,476.3663024902344,490.8405441035162,474.97197556521667,486.81254107161766,14427529
2018-07-17,483.5148620605469,485.10834043675396,473.44485523669994,477.29580809640555,14150770
2018-07-18,483.6033630371094,488.937137840134,476.85313025017547,486.1927763505536,10241565
2018-07-19,489.04779052734375,493.54054891068466,480.8589981297776,483.93532808698376,11885426
2018-07-20,499.58258056640625,503.94252199284,492.1683813298789,492.83234784966385,17538801
2018-07-23,495.88653564453125,500.09158814981566,492.6995789634249,500.09158814981566,12779803
2018-07-24,491.7479248046875,498.74157205480844,490.1765480908057,496.6390752711268,9775749
2018-07-25,493.60693359375,497.0816552197648,488.76007557931655,491.32735759499656,13014255
2018-07-26,491.6150817871094,496.41773661036893,490.3535719647022,491.3716382253252,14053674
2018-07-27,500.1138000488281,503.4557052518658,492.27910630153576,495.5324865625892,14610585
2018-07-30,509.65264892578125,512.2641939145209,499.29493482093454,500.1801842762957,30344461
2018-07-31,524.9678344726562,526.9154422077543,507.77142201803036,509.47555662545886,30350826
2018-08-01,527.7786254882812,532.4484640300158,524.7022950364188,526.9154777352431,21227054
2018-08-02,517.1552124023438,527.4022972477499,516.0929133280641,527.4022972477499,13668930
2018-08-03,520.9619750976562,523.8612553695951,517.6864343032773,520.098827431446,14536058
2018-08-06,527.8892822265625,529.3942061942307,520.253799380158,520.8513131725515,8785462
2018-08-07,524.1710815429688,531.7844621932755,520.9840657513095,528.9072836683633,8879612
2018-08-08,538.9994506835938,541.1241082944092,524.5252096295219,524.5252096295219,17307566
2018-08-09,539.110107421875,545.196344330461,536.476402010622,540.6814545371221,14976885
2018-08-10,533.0238037109375,537.8043273307189,532.1828168559637,536.0337695932534,7833494
2018-08-13,525.7203979492188,531.1426985878934,523.507215221095,530.0803401487734,10211072
2018-08-14,535.856689453125,538.7780711428649,524.2153069668918,526.7383264846779,11592139
2018-08-16,531.5188598632812,538.2469915795908,529.1728898946021,532.6033790044269,13086024
2018-08-17,532.82470703125,537.9814325957946,531.186936523282,535.1485162859524,8379864
2018-08-20,546.61279296875,547.4537798214348,534.5508868824152,534.6615725949496,16639535
2018-08-21,552.0571899414062,553.9605350562346,543.1159355150601,547.6529859742922,15923396
2018-08-23,561.9059448242188,563.9199166673336,548.162064380408,551.658858450267,17429373
2018-08-24,565.4691772460938,566.553637289523,557.7451695344503,560.0468770289477,14550512
2018-08-27,571.666015625,573.5914622985424,566.0224038969507,566.3100803565542,12188510
2018-08-28,583.8386840820312,585.6092420983726,573.2153950794078,573.658019809637,19018790
2018-08-29,572.8611450195312,588.2649559431339,571.0906463804185,582.6434454777053,24230135
2018-08-30,564.119140625,574.1670165820664,562.3485827665904,572.5956102867835,21545859
2018-08-31,549.6005859375,562.1493197768216,547.3652428141869,562.1493197768216,33479841
2018-09-03,544.067626953125,556.7934703656733,542.6954313774909,551.0834348230343,26686176
2018-09-04,549.7333984375,555.4212731824157,544.0012612256086,546.723432492321,19333815
2018-09-05,543.115966796875,554.4696148937215,534.9271738135313,549.9768266412864,22584608
2018-09-06,558.3426513671875,560.2459965298393,542.3855889134629,544.5102464095141,24487897
2018-09-07,565.9560546875,567.1733021176628,555.2885043132686,559.8919192232029,23389269
2018-09-10,555.8861083984375,565.2478869312699,553.340927676357,564.3625784170837,15440786
2018-09-11,547.8521728515625,561.4411643250952,546.3250881432887,557.2803741025751,23787332
2018-09-12,554.4031982421875,557.1475301010046,543.9348004989483,554.0933018992939,17642490
2018-09-14,554.69091796875,564.628107824439,552.2564231675549,557.4574108229871,17233514
2018-09-17,542.6290283203125,553.6285756317748,540.7256832758947,553.6285756317748,14773803
2018-09-18,538.7560424804688,548.6047680603691,537.516693197136,542.6734192038545,16660044
2018-09-19,535.923095703125,541.7880203228374,531.607416524799,541.7880203228374,24642640
2018-09-21,538.9108276367188,547.7192937598945,523.8611772245165,539.5747645519103,41713856
2018-09-24,545.351318359375,548.8260108024501,533.1566240877464,537.5608874708122,22098277
2018-09-25,544.70947265625,551.0834453269367,528.951561303614,546.878392681093,21250513
2018-09-26,553.9161987304688,555.0449209996481,543.1822863322004,548.4275355411055,13992341
2018-09-27,554.9564819335938,559.0509078246089,547.7636242912354,555.5097923127173,23642923
2018-09-28,556.8156127929688,562.9019092990245,552.1015119629488,557.6787605123563,24220992
2018-10-01,545.1962890625,556.7048838080634,532.9352324594645,556.7048838080634,16039441
2018-10-03,533.4221801757812,548.6932041353247,531.1868960326858,544.2225767537168,16135428
2018-10-04,496.74969482421875,526.915423306167,489.55683702218835,526.5170610987046,50774608
2018-10-05,464.2601318359375,493.67336908457037,459.52390003318254,486.6797218717258,47998260
2018-10-08,491.06182861328125,494.4258648450093,453.9466852504677,464.7691837675426,53983473
2018-10-09,482.4967956542969,497.2144797488349,478.57944909427255,496.48411948822644,24042005
2018-10-10,487.8305969238281,493.9168638111641,479.9516409131189,484.20095620725556,20784941
2018-10-11,481.5008544921875,493.42991434329895,461.67070791989903,470.9660918957569,28926389
2018-10-12,498.6530456542969,499.73750566790204,487.74205181625126,489.092086637831,19814528
2018-10-15,504.49578857421875,507.6606431762892,494.9348310765606,500.1357884306998,19406012
2018-10-16,515.1412963867188,516.7347451698961,504.60647485877587,507.262341021569,16358598
2018-10-17,509.6083068847656,522.0242535824618,504.60647095666945,521.8693644996696,27967162
2018-10-19,487.4764404296875,491.7700475018947,473.73256019501423,486.9010283540417,55606079
2018-10-22,470.3685302734375,493.4520573561572,468.0225603769544,491.3273997993972,28798142
2018-10-23,466.8495788574219,471.27594387522913,461.95842837507354,465.9864311784535,23128845
2018-10-24,462.8879699707031,476.255619514561,456.53612848480526,475.79083404980474,29869514
2018-10-25,456.2705078125,460.63050852172944,449.896535320371,458.5722447244144,30833933
2018-10-26,462.51171875,467.86765480715,452.3753473781812,457.20007470974065,20085933
2018-10-29,481.5008544921875,484.1787928343291,462.9986114742478,462.9986114742478,16781215
2018-10-30,467.8676452636719,480.4828032954299,465.6986956749193,480.4828032954299,19263668
2018-10-31,469.7488098144531,471.784942364411,463.44123106576563,468.75287477267574,35999348
2018-11-01,467.5356140136719,472.6923389405378,464.76915084726494,472.6923389405378,20552752
2018-11-02,475.7908020019531,478.4909010289118,470.5898145896325,472.2939785994359,36739798
2018-11-05,482.6074523925781,483.66978116030407,471.4087230901009,475.1490197847463,16585905
2018-11-06,488.7158508300781,492.2126744103127,483.18286509903413,484.24519386814285,18886485
2018-11-07,491.6372375488281,493.54058276769933,489.8667092816277,493.54058276769933,2808599
2018-11-09,484.0017395019531,493.00941737855555,480.2614724335663,489.66751250930923,23712291
2018-11-12,478.04827880859375,486.3698592250039,475.6359151924671,485.8829720740352,12690610
2018-11-13,486.6576232910156,488.2289705542457,473.64407273802425,475.39249943240395,14899604
2018-11-14,485.99359130859375,492.5003509359988,480.4827666892778,489.1363149600316,17034346
2018-11-15,485.5067443847656,488.2289452972339,480.92543114923296,485.55100685333554,14943663
2018-11-16,499.029296875,500.1580193355547,485.6173852021472,485.993616173096,24131016
2018-11-19,509.03289794921875,509.78535987340223,500.6227930031541,501.46377985959435,15987574
2018-11-20,503.4556579589844,511.64445070498687,500.18011722241687,506.8197236292204,12511640
2018-11-21,492.61102294921875,507.0410301884581,490.0216095734906,503.4999146912165,16422494
2018-11-22,488.1625671386719,498.1219183611258,486.9453196665298,493.3192926298162,12670591
2018-11-26,491.21673583984375,494.6471656942796,485.7501733968261,490.88476733552335,13969873
2018-11-27,499.3833923339844,500.1801167362265,489.31338566189805,490.3978456459913,14896607
2018-11-28,510.2059631347656,512.4634083579604,498.5424764497845,501.264648092749,17507771
2018-11-29,517.2216796875,522.2677189108547,513.4592519548756,513.9018766068516,27640198
2018-11-30,516.8010864257812,524.9677169778732,514.4772186758756,518.9035827843954,23443212
2018-12-03,511.887939453125,520.0545716674077,508.36892549379166,520.0545716674077,12182825
2018-12-04,510.0508728027344,512.573892161437,505.58024607520326,512.573892161437,11358720
2018-12-05,511.3124084472656,512.9280769901476,504.29660122667514,506.26636947361516,12729759
2018-12-06,497.3694152832031,508.59021642539426,494.9791534586504,508.59021642539426,12831451
2018-12-07,501.8621520996094,503.25644935826995,490.5970292196639,499.9367052367765,15779984
2018-12-10,482.5852966308594,493.230715000803,479.42044172228947,491.32736989959454,20521072
2018-12-11,485.8165588378906,487.8305601586093,466.98234748758017,471.8513369923307,29518062
2018-12-12,491.5487060546875,492.8766391720069,481.4787287925514,486.45837456551925,27572962
2018-12-13,490.0216369628906,499.29489010674473,484.70999296784566,499.29489010674473,20337275
2018-12-14,492.30120849609375,493.4963246900918,483.27139901697336,488.2732056825799,15795834
2018-12-17,500.13580322265625,501.5079986485464,491.99130333038806,493.96104199697106,11077711
2018-12-18,503.0130615234375,504.1638857257209,495.97509252010303,497.2145007564432,12841994
2018-12-19,503.1900634765625,507.837740503206,501.5965556374403,505.27045843181776,16118419
2018-12-20,499.49407958984375,501.2867390481279,494.0496188714748,496.1963780651814,12609700
2018-12-21,486.9895324707031,500.7334121178466,485.1304498257496,497.96691938314893,18115814
2018-12-24,482.0984191894531,488.31747334945453,480.9475654515845,487.29940701814274,9065704
2018-12-26,486.170654296875,486.90101453525165,471.69641421389167,480.61556706264236,15771193
2018-12-27,495.8422546386719,498.85222043678067,488.671558052731,490.0879864744526,27294221
2018-12-28,498.21038818359375,502.50396548742816,496.2848823093823,498.18822740334554,16768547
2018-12-31,496.30706787109375,501.8843160362173,494.0717541773984,500.6006453893138,15799099
2019-01-01,496.1963806152344,498.9850342368502,491.37165350447594,498.0776241124587,9746670
2019-01-02,489.73388671875,498.85222039888913,487.3436249759111,493.31923501144814,15628818
2019-01-03,483.69195556640625,493.36357150794,482.51897052523276,490.22084739175637,16288287
2019-01-04,486.30340576171875,488.87071724900716,478.5351367010187,485.75012497633685,18516544
2019-01-07,489.0035705566406,495.06770606812256,487.3436688813243,489.9995056522885,12060290
2019-01-08,488.95928955078125,491.30525940351646,485.1304679541355,489.1584706528177,12304389
2019-01-09,491.6593933105469,494.42588634089293,486.3256179134447,492.21270373570025,12614237
2019-01-10,490.2207946777344,491.7700401073639,488.2289245811867,490.3314508444639,8925160
2019-01-11,486.03790283203125,493.0094485923321,481.8549812853927,490.2650868480433,14139060
2019-01-14,485.484619140625,487.12236004562834,480.8811746140079,484.6878651488265,8994060
2019-01-15,500.0252685546875,501.0654661570828,489.11424457328434,489.11424457328434,22011407
2019-01-16,502.7917175292969,506.8197201745907,500.3350619936165,502.393296235088,13961606
2019-01-17,502.14990234375,508.10335206954045,500.1801338609765,506.5762673652518,16379077
2019-01-18,524.2374877929688,526.6941435340066,502.5040239545783,508.5017364096409,56181172
2019-01-21,547.8521728515625,548.8481079387703,526.1408115885986,528.5089422923119,48206814
2019-01-22,546.7235107421875,551.9466598791307,539.8404893083788,545.7054738560403,36207430
2019-01-23,542.80615234375,550.7293708515431,540.9028070392636,545.9045843376497,19313542
2019-01-24,552.1678466796875,554.713026959405,540.0617379573561,542.2306577517834,28775487
2019-01-25,551.5260620117188,559.8033797795792,546.8341222864655,553.4958304499542,18703992
2019-01-28,544.2446899414062,555.9303361110078,541.0798348240664,553.5179429525717,18744303
2019-01-29,535.8788452148438,545.1742589755294,531.7623174984154,544.8865233857091,20405845
2019-01-30,529.2614135742188,542.2307307181926,527.2252808955305,537.8043656072043,17164298
2019-01-31,543.1823120117188,544.3110343342596,531.6073532371764,532.0499778547592,22279301
2019-02-01,553.2744750976562,555.5098184046919,543.1381334083609,546.2144636186489,20187323
2019-02-04,571.4005737304688,574.0785419874636,549.7777351893427,551.9687571483934,25528059
2019-02-05,571.6881713867188,577.3761052108845,565.9560341911196,571.8873820352513,20479210
2019-02-06,579.9655151367188,583.2410560216659,572.8833428361716,573.7685922129579,20586783
2019-02-07,571.17919921875,584.812393978493,569.2758539932959,579.9655059785771,20150710
2019-02-08,565.5577392578125,575.6498783770401,563.1453458844361,568.7004338733668,14230054
2019-02-11,554.7352294921875,564.8052667359353,553.7392943404069,564.7610042646434,16457901
2019-02-12,556.1295166015625,563.1895874760552,553.9605964529412,553.9605964529412,13998153
2019-02-14,541.8765869140625,549.3129183280569,539.1322546519556,549.3129183280569,14496604
2019-02-15,550.8399047851562,553.252297636153,537.3616008246254,544.3331455070256,20994460
2019-02-18,540.061767578125,554.4032201240432,537.8043227333932,553.2965993868063,21106139
2019-02-19,538.291259765625,548.7374981100645,536.1223396511388,539.1322466913853,13658461
2019-02-20,546.3693237304688,548.8702417164039,539.57482832799,541.7216465839695,13776558
2019-02-21,551.9244995117188,556.7492863925102,544.1562286058264,547.0997717263524,23142949
2019-02-22,545.4840698242188,551.2162068932724,542.673314598179,550.9063696321634,19152470
2019-02-25,545.4618530273438,550.1981136755784,540.3051285442053,547.0996231918582,17176522
2019-02-26,540.1281127929688,546.568508156536,533.8205639171774,535.3697501614166,22160532
2019-02-27,541.566650390625,551.0391128042148,535.1484160679546,543.5806810693128,24308835
2019-02-28,544.9086303710938,548.8038457853164,542.916760195535,546.1037761145965,24688859
2019-03-01,542.6953735351562,549.9103912857396,541.0133999644827,547.5422609049652,17329606
2019-03-05,547.8300170898438,548.7816896146917,539.3977517583712,541.5224091283327,15577500
2019-03-06,559.8477172851562,563.5216207548008,546.701408160775,548.781803498409,26332276
2019-03-07,562.2599487304688,566.4871023500223,556.9040137254028,559.4934563069631,17738092
2019-03-08,560.8657836914062,564.1191639460266,558.6083385798502,560.4009981991971,13211934
2019-03-11,577.2432861328125,580.7400799174743,561.2640637135738,562.1714737819083,21258869
2019-03-12,589.3051147460938,590.4780995651925,581.7359971792328,582.9089819983315,24561597
2019-03-13,596.365234375,601.9866858465925,587.8666043720284,591.8060821060708,24577591
2019-03-14,593.8200073242188,602.871946999757,591.4076144308954,597.4496475061777,22753310
2019-03-15,585.0116577148438,601.455609336697,580.3860816359203,595.3472108928156,34764353
2019-03-18,597.5824584960938,601.0793114262324,588.2649436727448,589.1501929738362,22104063
2019-03-19,609.3123779296875,610.8394625509037,594.5061398709255,601.9866738940681,21448030
2019-03-20,608.825439453125,614.3805267326183,603.7572393047114,609.8656369626848,21639437
2019-03-22,593.9085083007812,611.2377642974652,591.673224446236,607.5195993388326,25078643
2019-03-25,586.2509765625,591.7397001118269,582.8205465049533,588.9732071022316,17394088
2019-03-26,605.1958618164062,607.1213086670006,588.7075906473199,588.8403780475189,20734876
2019-03-27,597.2283325195312,609.9320140041797,595.0151502686878,609.9320140041797,22079870
2019-03-28,601.98681640625,606.3247163775164,594.3734931830603,597.6711363163157,22930248
2019-04-01,616.084716796875,622.7021032334529,603.1154596255492,606.4131020011401,22088854
2019-04-02,615.133056640625,621.0644045184021,610.8837416081006,618.806959600837,17526740
2019-04-03,608.7147827148438,621.0201023548342,607.2983247627387,616.48305202846,17169813
2019-04-04,598.9104614257812,612.4772926682142,596.3431199622236,610.3968974724891,18320845
2019-04-05,599.2866821289062,603.713047483883,594.4619545291577,602.4072750227529,14717266
2019-04-08,588.3756103515625,600.8801417011313,585.9190138260517,600.2162046801037,19081843
2019-04-09,590.6774291992188,593.4438632462367,584.7239198827303,588.2207733606999,20774977
2019-04-10,589.3272705078125,596.6750764335661,587.1583505228762,592.2265507481526,16651949
2019-04-11,596.14404296875,598.8883755610668,588.2650859024213,590.013483242508,12558520
2019-04-12,594.5061645507812,600.6145623846402,591.651146738665,597.560333920002,12948769
2019-04-15,593.2003784179688,597.0955936790656,590.9207727394057,595.347137600993,9285737
2019-04-16,594.7939453125,601.9867446044715,593.1340140031939,595.3471966535134,17360317
2019-04-18,613.4732055664062,615.1551793737904,604.1999524621015,608.6263175144761,39286534
2019-04-22,595.5021362304688,605.085227013863,593.7094175338176,601.9867358910117,23607922
2019-04-23,603.6908569335938,607.7409611357401,595.7898000746608,596.67504937718,19807450
2019-04-24,615.0445556640625,617.3905256072113,604.7532066374247,606.5459252679693,16101112
2019-04-25,607.4754638671875,625.180984035765,603.1376235404474,614.8675328682084,30469914
2019-04-26,616.5051879882812,617.8995443334779,606.7229464587433,608.6262916236552,15069884
2019-04-30,616.5051879882812,618.0986958860659,604.9966511607613,618.0986958860659,22348580
2019-05-02,621.927490234375,625.844806825793,611.7689300216467,616.1510320190431,18992003
2019-05-03,623.609619140625,627.4384708557296,620.865286674731,623.21125687717,14240262
2019-05-06,613.0084228515625,620.9316411509761,609.9984567813605,618.8069835524767,15832114
2019-05-07,594.6832275390625,617.4790489756616,593.2225069761276,617.3905240382364,19417647
2019-05-08,575.18505859375,593.1339922776132,571.9759409135609,593.1339922776132,31958919
2019-05-09,556.151611328125,570.47090294577,554.0712163675477,570.47090294577,42670173
2019-05-10,553.8056030273438,565.5576117490074,551.083372962911,559.9361017716008,24557430
2019-05-13,545.351318359375,558.0771031610542,543.3372873863411,552.3671264964185,17603659
2019-05-14,557.9222412109375,561.8617193156638,545.1078717528416,547.3210543953884,28438234
2019-05-15,556.350830078125,565.6905068440055,553.5622353372404,563.4773242204387,24419559
2019-05-16,560.0911254882812,562.9904057923432,556.8820079074782,557.700893115146,14451308
2019-05-17,560.9985961914062,565.2257509949617,554.1819389855777,560.8215462998704,17276949
2019-05-20,586.8927612304688,592.1159095094665,576.9776733603718,581.448359716685,26979100
2019-05-21,593.0455322265625,605.0852798140645,588.7298523372574,589.681525082843,30343560
2019-05-22,593.3109741210938,601.8538661321671,590.96500441242,595.6348421452735,24689918
2019-05-23,590.4338989257812,616.1511018080408,586.4944211091025,607.2983718851489,38766006
2019-05-24,591.7395629882812,599.2422567255087,582.7318865290257,596.6749749729242,22269265
2019-05-27,580.1424560546875,592.0273108261551,578.526846697773,591.8502609840499,16076686
2019-05-28,585.9410400390625,590.8321898691626,581.3376257620544,584.1926432278535,42594251
2019-05-29,581.2048950195312,590.1683104518131,577.265417294087,584.7238497637976,15558515
2019-05-30,588.5969848632812,594.0192849685542,582.6213743565515,582.6213743565515,23494381
2019-05-31,588.7741088867188,593.9750973055054,584.3698449976683,592.2045392551104,25724066
2019-06-03,602.0753173828125,605.1959101799933,584.8124221186443,590.9208203021954,18556942
2019-06-04,598.2906494140625,608.2942618509585,596.7193023793029,600.8579314460692,15442761
2019-06-06,587.5346069335938,602.8277324367702,584.7681141139942,602.8277324367702,16764835
2019-06-07,582.0237426757812,587.4903046969813,577.9072153490195,586.9148926672266,14722419
2019-06-10,583.905029296875,587.3797219595616,579.8991869751485,584.6796520973529,11768468
2019-06-11,588.3313598632812,590.6994905962937,583.3960059300211,585.1001405330676,11492074
2019-06-12,589.6593627929688,592.4258560740252,586.4945072440522,590.788085432952,10297599
2019-06-13,587.4904174804688,590.7880603117848,579.257361246404,588.7076650171063,15686169
2019-06-14,583.19677734375,586.4944198237544,579.5892975904819,585.1222242324548,14942768
2019-06-17,567.5938110351562,584.2812339912606,565.911778180256,584.2812339912606,14908257
2019-06-18,567.0183715820312,570.0947015577816,561.7509609348842,566.0888007170457,16797371
2019-06-19,565.4027099609375,576.3137327970071,558.8738485219341,569.6299231801156,14492763
2019-06-20,573.9898681640625,575.428486953255,565.6904489489388,566.575698269597,10748848
2019-06-21,566.3543701171875,573.6579131902394,564.605973210025,573.6357524101344,23236832
2019-06-24,558.7853393554688,565.0043637095691,556.4393695082755,563.1010185325224,11267228
2019-06-25,573.5914916992188,574.543164242957,555.1777744289116,557.2360676913559,14966899
2019-06-26,572.8390502929688,577.4646257823792,569.3864597139271,571.4447530500222,11593027
2019-06-27,563.9863891601562,574.0563674458016,562.5920326523112,572.3964952020063,24905533
2019-06-28,554.6687622070312,567.837229088313,552.6989939576308,565.2920488190996,18942165
2019-07-01,561.6404418945312,563.3224158949637,551.7253523095914,556.8599174491309,13478857
2019-07-02,565.9118041992188,567.0184250293855,559.1837315656976,563.8978322942693,10146746
2019-07-03,567.7044067382812,569.4528627467002,564.3846627720479,567.859354913293,8806492
2019-07-04,568.3462524414062,571.4447432351052,566.5756947157804,567.1954283317691,9351405
2019-07-05,559.205810546875,571.2234546184956,557.7229883348122,568.8331631776572,10926753
2019-07-08,554.2040405273438,561.3083734997786,552.4999059557646,556.8377460255429,14009219
2019-07-09,566.6200561523438,568.1250393463115,551.3048266580228,552.8319115410211,17535754
2019-07-10,566.0667724609375,570.7144501025082,561.5739839200136,566.5979221124492,12018196
2019-07-11,567.2618408203125,570.9136422948378,566.2659057082456,569.6742340526625,8608376
2019-07-12,566.797119140625,575.4285371516787,565.7125999850862,567.9036808879804,15692436
2019-07-15,564.8494262695312,570.7807145325879,562.3042459909406,568.7888445920233,10659498
2019-07-16,572.3300170898438,573.1710630706701,565.2699466652127,566.5536173225701,10070773
2019-07-17,567.3945922851562,574.100562827648,566.5757071030725,572.9054171307107,9482233
2019-07-18,558.5418701171875,569.4086308695252,556.8377355775831,567.4610232119414,11942908
2019-07-19,552.8540649414062,563.4551931292556,550.0654109581495,561.3526961190137,16336536
2019-07-22,566.797119140625,568.5676179363936,543.2487760118573,553.7392768538886,29092589
2019-07-23,563.720703125,572.7283212128182,557.8999823849913,568.7888438003976,20316348
2019-07-24,557.3245849609375,566.0445268142822,554.867929547874,563.6985571097337,15189179
2019-07-25,545.1077880859375,561.7288456848177,543.1159181038291,559.4935026021844,21805071
2019-07-26,537.2731323242188,549.9768149769168,535.5910994760233,545.1078253964605,20387504
2019-07-29,536.0115356445312,540.9026852140692,533.4220930908805,538.6452406581913,17626045
2019-07-30,522.7103271484375,540.0174823559394,520.5193056422527,537.3395146524581,20853117
2019-07-31,516.225830078125,524.5252505096948,514.5216362429514,520.4308831584165,21229950
2019-08-01,522.4227294921875,525.9416845388708,509.1878371492463,514.9642372860822,22628222
2019-08-02,527.3842163085938,533.5738082205122,517.4764342690546,523.532441715617,23766807
2019-08-05,509.12713623046875,519.6583111824154,502.2918571615806,519.6583111824154,30399133
2019-08-06,502.42547607421875,511.9102698816642,499.6201429946176,505.29763110816157,29067994
2019-08-07,494.0094299316406,506.9897732425716,491.20406705572293,501.62398206269296,25349369
2019-08-08,513.1348266601562,515.6506970351464,487.7307721921939,493.54184479656,31198568
2019-08-09,517.4763793945312,523.4433298981054,513.1125017553761,517.3650887436063,21970009
2019-08-13,567.6388549804688,580.1293294107402,545.9307552314694,549.1146074833171,104827144
2019-08-14,573.6502685546875,580.8640071757616,570.1324258187218,580.6636602266428,31688983
2019-08-16,569.0860595703125,575.2311234055627,566.8595923358139,574.9639544714397,21977767
2019-08-19,575.5873413085938,577.4575832737376,569.9766154131626,570.4441907669835,16317602
2019-08-20,568.1732177734375,575.5873639681415,566.6814947931508,574.3405755757227,14969299
2019-08-21,565.9467163085938,569.3755030810053,563.9651837223562,568.0395990053597,10677848
2019-08-22,555.170654296875,565.9690001563606,551.675104712561,565.9467658023939,14031953
2019-08-23,568.128662109375,571.7577958939527,546.1533935304763,551.7195912204171,21307915
2019-08-26,564.0987548828125,576.2107097858199,560.6254400381222,576.2107097858199,19202504
2019-08-27,567.6834106445312,572.2031077629373,561.605109128187,572.2031077629373,28401906
2019-08-28,562.5402221679688,570.4219432426154,559.3118418211694,567.1935628958161,11605488
2019-08-29,552.9441528320312,561.1820993687841,550.0719976379863,559.4899700160746,18890222
2019-08-30,555.9720458984375,558.5770317812273,543.7042139151635,554.613907633516,24735240
2019-09-03,537.2030029296875,553.5007833479864,534.3530820941628,553.1667924586299,18730619
2019-09-04,534.865234375,536.6909483563797,528.1413039705059,534.5980654192097,32949395
2019-09-05,533.7296142578125,540.2309023757294,531.3695629057722,537.3810413836705,22995486
2019-09-06,544.3721313476562,547.2665798974994,532.2378839179241,535.68890459839,23186819
2019-09-09,544.2386474609375,549.0478072829346,540.2087601059558,543.5484313072873,11747929
2019-09-11,549.6712036132812,552.1648395776373,544.3721751701554,544.3721751701554,12127900
2019-09-12,538.9619140625,552.3652459694027,536.8913250448002,549.9384316970572,11880005
2019-09-13,545.7526245117188,547.043940961514,537.4256220176591,539.6966172932991,12947715
2019-09-16,539.1400756835938,542.8582662920594,528.1635570515573,529.4549331671433,20547730
2019-09-17,533.2175903320312,539.2513635093034,531.4586984555199,539.2513635093034,15640772
2019-09-18,536.8912353515625,541.6113380873621,533.1062237529914,536.5572445060574,14933909
2019-09-19,525.0242309570312,538.6724986508389,522.174369219307,537.8486979520125,13766222
2019-09-20,558.5547485351562,565.4790838872689,522.9089837818785,528.9872248397661,48165560
2019-09-23,551.8086547851562,570.4219587525063,549.9384128123469,567.3716909391333,21610844
2019-09-24,569.3977661132812,578.3481633555577,553.3894480019216,553.7679670566171,34958974
2019-09-25,569.7763061523438,576.6561146490986,565.0116743389566,571.7578389113681,18192270
2019-09-26,577.4576416015625,578.3482047938991,571.5352180220854,575.3202304898084,18350457
2019-09-27,582.912353515625,585.5618675686828,571.7577251633637,575.5427367462845,19058663
2019-09-30,593.2432250976562,594.8017698849055,581.3538516822917,583.3354436432543,25263770
2019-10-01,581.064453125,597.5848734333644,575.8990090440144,595.3584063407384,17920384
2019-10-03,583.8030395507812,585.4283468989939,570.5555272924099,572.6484099833085,13524851
2019-10-04,582.4893798828125,591.6179488730752,580.5969035775893,587.7438805028344,14992253
2019-10-07,583.3800048828125,588.1446363696328,579.6395209613231,582.4893823323844,10061584
2019-10-09,589.9035034179688,592.2190862816494,575.5427876036466,582.7565862132678,17588647
2019-10-10,606.82470703125,609.6077461918198,588.233639225813,590.0148247146693,35006390
2019-10-11,602.3049926757812,608.0938310517881,595.1580158763934,607.2477366748323,16597126
2019-10-14,604.7095336914062,607.8043293742732,601.5256817061605,607.8043293742732,13394275
2019-10-15,607.4481811523438,610.0531675022813,603.0620090789482,606.7134368395299,9672791
2019-10-16,611.0994873046875,614.3501015567613,607.2476538797979,610.0085179543124,19403660
2019-10-17,621.8533325195312,622.9665957225824,610.9436384902717,612.2795424439064,16038940
2019-10-18,630.6924438476562,635.8355938604333,622.8330172017672,625.1930686305542,28121951
2019-10-22,629.7128295898438,639.820957644229,624.9036109424554,634.5442231374791,27786502
2019-10-23,620.0276489257812,634.967289889059,615.9087056654171,630.6702340196068,18446160
2019-10-24,639.6428833007812,641.8471160772802,617.4227401722367,623.8572069872114,22642488
2019-10-25,637.30517578125,641.8694010565094,628.4215409194215,641.7135822318234,13539957
2019-10-27,638.6632690429688,643.4501942145495,636.7707333262263,641.6690086076726,3014841
2019-10-29,653.2688598632812,659.0354038930602,642.1587595021489,643.6727760468857,25768505
2019-10-30,658.6347045898438,661.0615781305346,650.2631739322103,659.0354579712998,16341366
2019-10-31,652.0665283203125,663.3325067228137,650.8865026462532,660.8165771280641,19463741
2019-11-01,648.7491455078125,650.931084439674,641.6689908799688,647.9031106067357,13904301
2019-11-04,649.0831298828125,655.0277868325503,643.4946981510161,652.7567916180376,14063434
2019-11-05,644.474365234375,654.1149784345749,641.6690319851688,651.5100516103723,12685356
2019-11-06,638.95263671875,644.0957868351248,636.1027755766117,642.4259514311492,14625505
2019-11-07,649.5061645507812,651.4654032117422,637.7503758842035,638.9972235731321,14084039
2019-11-08,643.6727905273438,649.9736724969666,641.8025487418026,645.2313352569838,12019353
2019-11-11,635.7910766601562,643.1161656257182,633.4532595413081,640.8228766581775,11357841
2019-11-13,655.6066284179688,657.2097012891945,636.770685668936,636.770685668936,25225749
2019-11-14,651.354248046875,659.7480144045026,648.2594517066312,657.254377958078,14258133
2019-11-15,654.9610595703125,662.0635083106531,651.5322727628634,652.6455360789673,15691605
2019-11-18,649.7733764648438,661.7072190766786,648.0812471500655,655.7625618479275,14076051
2019-11-19,672.282958984375,674.5762480267925,652.3560458473484,653.2466089025762,30176255
2019-11-20,689.15966796875,700.1807137682292,687.1781352632569,692.4548704769278,43538120
2019-11-21,684.6843872070312,692.8778052437542,680.6545001439249,687.9795894631586,14897371
2019-11-22,688.6475219726562,698.889294670371,684.6843973559228,686.6882237413482,22352865
2019-11-25,695.3491821289062,696.796376789713,690.651313481399,690.7181354342704,15146156
2019-11-26,694.7704467773438,701.9396589265147,692.8779107918994,698.2659965314481,35330983
2019-11-27,699.045166015625,701.561095873568,692.9223368095898,694.6367599013516,9642739
2019-11-28,703.698486328125,705.4128499201177,696.417925337267,700.2919340451285,13747479
2019-11-29,690.7182006835938,704.4332294556285,689.248712082968,704.4332294556285,18559594
2019-12-02,706.4593505859375,718.9052971997955,702.2290568533912,712.4708300137888,31225364
2019-12-03,703.0750122070312,709.7989413715627,700.2696792384197,709.2423692080436,12990426
2019-12-04,691.4083862304688,702.4516656991397,682.9700335019947,700.4478393142873,20987607
2019-12-05,690.5845336914062,703.4535259601828,687.5342661895404,700.8930681166133,19942460
2019-12-06,692.387939453125,698.2213054338009,686.242876423503,691.5419046059857,13085234
2019-12-09,700.2697143554688,702.4071251649631,688.6475096381411,692.9446250588585,12642677
2019-12-10,695.52734375,700.7150224336392,692.0540287591915,700.0248063059641,10173333
2019-12-11,695.7276611328125,701.1156860993483,690.4731611640682,692.6996280796019,12364641
2019-12-12,698.3103637695312,700.8262934185599,693.1672138215926,699.2232205691729,10326606
2019-12-13,704.8562622070312,708.0178801238153,700.1806870147386,703.5648862571924,12668303
2019-12-16,697.5980224609375,709.754506556987,696.5961092046571,708.9084715750772,11892718
2019-12-17,695.8612060546875,703.1194723300115,692.677354384813,697.6646257242916,20324601
2019-12-18,701.7168579101562,703.5648058632917,695.5495604995814,695.9948420003209,14742077
2019-12-19,716.9014282226562,719.1056609955814,699.9134917904707,700.7595267067665,20507816
2019-12-20,712.070068359375,720.2857211455093,710.7341642408371,719.1502234523015,21271510
2019-12-23,699.7354736328125,702.4739851671383,693.679465590368,694.7036132588689,25107772
2019-12-24,688.6253051757812,700.0248101711578,686.8663538680914,698.6221435556297,18048449
2019-12-26,674.7989501953125,691.5197189547852,672.461132787399,686.4879183345943,29761019
2019-12-27,686.7996215820312,688.5139853597664,677.4261769632532,679.9643413744825,17677571
2019-12-30,687.6234130859375,689.1596642144276,680.4319077161741,688.4026855518733,17123749
2019-12-31,674.19775390625,687.4007381135765,671.5260051917422,686.6437000385328,22203005
2020-01-01,672.2161254882812,680.0087898882745,670.3904712564104,675.9566091562889,14004468
2020-01-02,683.6602783203125,686.1762083080744,673.2849207275859,673.2849207275859,17710316
2020-01-03,684.4840087890625,686.4878350527088,678.1830672888824,682.6360013302883,20984698
2020-01-06,668.6093139648438,680.3650438391912,667.0507691289934,676.8472602327319,24519177
2020-01-07,678.8956298828125,683.304036115152,673.9528263419015,676.4019343098523,16683622
2020-01-08,673.7970581054688,683.2817936051865,672.394391396721,674.6208587574616,16047902
2020-01-09,689.3154907226562,690.206053788195,681.8568169732863,685.1297254143482,14982742
2020-01-10,689.15966796875,693.7461870259668,685.5972965193916,691.0521443605163,12478359
2020-01-13,687.4008178710938,694.0802201574284,685.0407659635977,688.0019777503975,18282382
2020-01-14,681.0330810546875,690.2061193009722,677.6711159879618,685.7531846503401,15816535
2020-01-15,678.5615844726562,685.7085608303954,676.0679485502039,683.9051409780271,15817859
2020-01-16,684.8179321289062,687.2448055274269,680.4095262908653,680.8548672498658,12847975
2020-01-17,704.0101928710938,705.7690846391494,691.6310096398801,691.7645940988411,29463471
2020-01-20,682.3467407226562,716.4785568422917,679.69722598457,716.4785568422917,32545850
2020-01-21,683.0369262695312,688.3581898620575,677.7378970312928,680.6768744071713,18922720
2020-01-22,682.7919311523438,688.7588822425179,681.7900179448524,687.534328261155,10322817
2020-01-23,679.8975219726562,686.6214514994721,677.1589513580537,684.1945779592724,11247739
2020-01-24,677.5374755859375,684.1278207028573,676.201571520967,679.9642896946181,14628445
2020-01-27,670.8580322265625,678.8288097703885,670.1678160991427,674.5762817936037,13387750
2020-01-28,655.36181640625,672.3943409712025,651.7326826089246,671.7708873528463,24532236
2020-01-29,658.96875,665.4477454950623,651.9330633649719,656.385997983268,24746565
2020-01-30,642.8935546875,658.9018717010598,641.2237192109507,658.5901746274501,22402689
2020-01-31,628.599609375,647.1238564671794,626.6180767993984,647.0125063572486,34750310
2020-02-03,616.9552001953125,623.3897268292178,606.9583616221806,610.0086294911721,30712290
2020-02-04,635.1677856445312,637.8840627653415,622.4323756025095,623.4119950902905,25383901
2020-02-05,645.0086669921875,646.9234370233874,636.9043647870463,638.9526598272524,18472100
2020-02-06,649.14990234375,653.2466113131902,641.2682409254869,647.5023606854987,15538577
2020-02-07,638.3960571289062,646.7230591514594,636.0137118794914,646.1218993889739,12209212
2020-02-10,639.264404296875,643.6728102657878,628.065247040691,635.8801458287573,15142476
2020-02-11,646.9012451171875,652.8904307204514,643.4724582072458,644.5188995976021,13999816
2020-02-12,654.7161865234375,656.742306925112,647.9031998730488,648.4153034245885,13533565
2020-02-13,656.4304809570312,658.0335539553153,651.2873305313852,658.0335539553153,13565659
2020-02-14,662.4197387695312,668.5870368609382,647.0570496970056,657.8109261027595,21227841
2020-02-17,658.2561645507812,670.6798756802237,656.4972728187931,663.0430895240688,13149130
2020-02-18,653.4246826171875,657.2096942768698,648.9717487058438,657.2096942768698,11127161
2020-02-19,669.6334228515625,670.8134485862718,656.8534867255756,658.7459628812005,14084409
2020-02-20,661.6849365234375,671.5036613641485,660.7275515499585,666.605445844099,16892268
2020-02-24,643.4278564453125,657.6995152268572,641.0232768478887,654.4711351131652,21370214
2020-02-25,630.71484375,646.3001152119884,627.864922735704,646.3001152119884,27745062
2020-02-26,619.849609375,628.911356956024,617.779020325235,627.8649155292255,29362748
2020-02-27,617.2891845703125,620.6511494965837,609.6078101962304,618.0683975689975,25054993
2020-02-28,591.64013671875,604.264254045817,590.014829470249,603.329103417816,39315769
2020-03-02,586.0740356445312,609.6077893226085,579.3723403742132,603.4181975497225,29500495
2020-03-03,597.96337890625,602.8838887991839,588.6789907987993,592.1077777316948,27398798
2020-03-04,596.5606689453125,602.8393168736188,582.4003001293128,602.0378101189941,22105261
2020-03-05,583.8475341796875,604.6873035839145,581.5542452021383,602.126845697354,30510390
2020-03-06,565.9689331054688,573.6057788366949,552.654658716733,565.5236515774449,33734039
2020-03-09,496.1245422363281,552.6101067897556,487.5971635409846,552.1870596312644,88187018
2020-03-11,513.669189453125,524.7569973633897,493.3860202311153,493.3860202311153,59578576
2020-03-12,473.3477478027344,490.26892105164063,466.98004375854214,483.14423842846696,55970485
2020-03-13,492.1837463378906,507.6354328669012,419.64532802906,444.40366683588684,73297403
2020-03-16,452.28533935546875,480.7841591374453,447.5206784786443,472.2567802513006,38482258
2020-03-17,448.85662841796875,472.0119237181846,446.7192174587202,466.3344054216944,45445979
2020-03-18,431.2674560546875,461.280292373532,427.9277554968568,456.5601596607462,44730415
2020-03-19,408.64654541015625,430.5995508438921,397.29153849959346,409.715250893795,61404010
2020-03-20,453.2872619628906,460.8349919401429,414.1236220114131,418.3539154289049,63360475
2020-03-23,393.66241455078125,423.0295668803202,389.92193040058896,407.9786036891489,40670949
2020-03-24,420.0905456542969,431.93536051177136,398.8945517856372,414.1235952130949,45734887
2020-03-25,481.9197082519531,512.7785828326291,428.9297155932021,429.17462045473866,73130298
2020-03-26,474.772705078125,497.34913321338615,464.15244304869213,487.9534251497577,45744488
2020-03-27,474.5055847167969,493.0743619734579,465.8668841156436,487.5972498198969,41657940
2020-03-30,458.8534240722656,478.6022243792753,454.2001132600208,463.37318015277566,30229866
2020-03-31,495.9464416503906,503.09338839129396,466.6683494310366,478.2237318418846,44292810
2020-04-01,481.1181640625,500.7778787446454,465.42154418897144,499.7314374197435,41597459
2020-04-03,479.78228759765625,505.1640794985781,470.3643151321363,505.1640794985781,41367807
2020-04-07,537.0693359375,540.5871191109118,489.8236031363708,490.7587239777516,54373624
2020-04-08,530.8574829101562,547.2666119015739,516.5412959187852,525.4471639311407,49880330
2020-04-09,543.2367553710938,548.9587723530421,531.2360897019119,540.5872407700642,33032857
2020-04-13,529.5216674804688,541.0325221376103,525.4471928092958,536.1120125498173,23673784
2020-04-15,512.0215454101562,550.3836477833194,508.97127785494433,533.0394274350746,35321842
2020-04-16,520.1260375976562,528.7647389681663,509.8620285623718,512.021674179924,37455706
2020-04-17,545.0401000976562,547.7119081332823,531.0801379395491,541.477788467049,33269335
2020-04-20,553.85693359375,559.7347681895708,535.2436321732976,545.9306852340615,36030932
2020-04-21,550.98486328125,557.508386765965,518.3225393512134,538.8060261793212,61371628
2020-04-22,607.2032470703125,616.6880417343276,578.8825664491623,587.7884356237253,142683366
2020-04-23,610.4539184570312,617.1110859522549,602.6167250854138,608.8731391707544,65464502
2020-04-24,630.9820556640625,665.692738140471,599.9005074895479,601.2141179659939,134986308
2020-04-27,636.6594848632812,656.809040623181,633.6537450993618,638.5519612553153,58482901
2020-04-28,635.9469604492188,648.1034431126441,619.9163502379175,645.6766291201964,78453401
2020-04-29,635.4126586914062,647.3020336819599,632.3178625081999,643.4057306477636,37494672
2020-04-30,652.8013916015625,665.6926795202014,640.3554447044901,647.4356000405522,71345899
2020-05-04,639.0862426757812,652.3559877170559,631.1822287393294,641.2236532680045,53456868
2020-05-05,650.4190063476562,658.5901902105282,644.4298209519568,647.3242698899517,44903763
2020-05-06,650.4635620117188,661.2396721044524,643.6728107196592,651.9107566845831,40489094
2020-05-07,671.0360717773438,674.0195767371007,643.45013963793,647.9030735523609,50026966
2020-05-08,695.4606323242188,703.520407322856,684.4618205288415,687.9796639330426,84262770
2020-05-11,702.1400146484375,719.1502462326481,700.1361881322265,703.5649156731971,67085063
2020-05-12,658.7014770507812,698.3772514173569,652.3560664564766,696.79641276918,100683202
2020-05-13,672.6770629882812,686.409748828676,653.5951127082542,686.409748828676,66430125
2020-05-14,645.4813232421875,672.7893884091039,642.8291930409412,660.3377943598729,49266771
2020-05-15,656.0224609375,659.3039301915819,636.1089238922658,649.0999085460102,62152260
2020-05-18,647.6389770507812,666.181474909855,641.9076865534937,660.7873261418357,62796089
2020-05-19,633.3218383789062,657.0562928652207,630.7821287465479,654.943554079763,42315854
2020-05-20,644.4699096679688,650.3810366625504,626.1746060014038,633.8163858969135,55320985
2020-05-21,647.86376953125,656.9439458804737,640.5591310175457,645.054274887475,39167981
2020-05-22,643.5034790039062,655.3931503743523,641.233434844536,652.6061872445827,37828973
2020-05-26,640.132080078125,651.6621368125705,636.6483020759156,650.9653812121286,33216635
2020-05-27,649.796630859375,653.5950188666403,634.7153801347918,643.2561648384756,35667956
2020-05-28,661.7987060546875,665.1700639694456,651.3474905739236,654.0445650157022,40126278
2020-05-29,658.27001953125,661.6863216286777,652.9882315987021,659.8882522484166,40022527
2020-06-01,683.4204711914062,691.5117545227077,663.4619881609007,665.2825298829506,39943702
2020-06-02,690.3204345703125,692.2533963499591,683.622663148201,685.9601831154127,22153960
2020-06-03,692.9951171875,701.243705152625,689.2640858781962,694.5009892228203,25381289
2020-06-04,710.1441040039062,714.5044150378368,692.7029193183236,694.0514268333575,34202350
2020-06-05,710.9981079101562,727.3155053046211,707.4019692570653,716.9766512645857,33076685
2020-06-08,705.5140991210938,727.4954324920736,703.4913080333477,727.4954324920736,31414953
2020-06-09,690.9722290039062,711.5825211649343,689.1067431761999,701.3784997663072,25857161
2020-06-10,706.705322265625,710.0317358884901,692.2758817982025,693.6468614517847,22132647
2020-06-11,691.2194213867188,704.8172120727567,688.2076777451796,703.9406793398144,20385805
2020-06-12,714.1897583007812,716.0777164159133,672.9242267053721,674.2727936948124,38548899
2020-06-15,725.7647705078125,731.3387563203479,701.7381741898191,703.4912994111404,53107403
2020-06-16,727.1807250976562,741.0482428927804,712.6163922222294,738.5534772559045,51187003
2020-06-17,726.1243896484375,735.1596222116743,720.1683177338406,722.9328087814987,41782053
2020-06-18,744.3521728515625,748.4427585087822,721.74156125064,722.3709004133316,40471557
2020-06-19,790.8770141601562,804.0927203501327,747.0942467519249,750.6903261392612,105804173
2020-06-22,784.9208984375,811.015227066077,779.9087764994645,797.1701824968853,60198705
2020-06-23,773.5706176757812,792.8323423074329,771.4129344994001,786.6514901886577,37962078
2020-06-24,776.6947631835938,796.855553260014,769.4351285440347,780.313374152456,51586221
2020-06-25,772.2221069335938,786.2020448440715,770.0419514480267,776.3126926255497,39679374
2020-06-26,782.898193359375,787.5507022967831,771.8176374387796,777.1219577715511,30921913
2020-06-29,774.58203125,782.0439742026722,771.1657293301229,776.7846586950787,25621946
2020-06-30,766.0188598632812,782.6059245493964,762.1754677566296,780.807914512527,30276420
2020-07-01,781.07763671875,786.2021202640287,767.7944531593192,773.166189855075,28464103
2020-07-02,794.524169921875,797.7964291606368,783.1051378323464,786.6933471641555,28789533
2020-07-03,806.9586791992188,809.2605842388523,797.9769338084662,803.3027790862244,29434266
2020-07-06,835.799560546875,838.5978646000791,808.8542664677218,814.6766299428286,47016185
2020-07-07,823.0040283203125,841.4640390934211,815.2635191046126,839.5007072874031,35189589
2020-07-08,811.517333984375,828.1944614496679,807.9065609306946,823.2748204715693,26204095
2020-07-09,823.3650512695312,828.2170013060332,806.2139692943585,816.4820787561033,36418942
2020-07-10,847.6473999023438,850.6037089763864,823.3650271392274,825.2832912510764,43759967
2020-07-13,873.3514404296875,879.083489970848,857.5543543318056,859.0663542368072,69608392
2020-07-14,865.227294921875,876.3755044340146,851.8223671864567,872.9001726962613,67331128
2020-07-15,832.2791137695312,893.1203699369507,811.5173183412455,874.6829238098223,139669773
2020-07-16,832.00830078125,843.5627139468717,818.039164673242,833.6331186808312,60961724
2020-07-17,862.8351440429688,866.581298459645,829.5710262803591,832.7304674212536,49726765
2020-07-20,866.5361938476562,871.9974807956106,857.3965026239393,865.5884031998371,36592938
2020-07-21,889.8480224609375,892.3078725048149,874.028433084142,875.1567920683302,42173371
2020-07-22,904.4942016601562,907.2022513326309,884.950961621849,895.0159382684053,59771457
2020-07-23,928.7765502929688,938.6609588483409,898.7846915588252,904.4716140026857,58333751
2020-07-24,968.6528930664062,976.2580205169854,928.7766226694645,928.866877074322,120597372
2020-07-27,973.1889038085938,992.4161962400035,960.4158758519521,983.389323046393,80304827
2020-07-28,982.8927001953125,990.2496273324197,970.6838232619775,973.1888006028569,55114422
2020-07-29,946.3112182617188,985.1945058663708,934.4859826797366,982.9829747863479,72663399
2020-07-30,951.8177490234375,965.7416994124951,935.1856889845394,947.372003332624,72857444
2020-07-31,932.9740600585938,960.9122737981927,926.5198556854664,954.3678150249528,74958061
2020-08-03,906.7509765625,928.4154946857375,904.0879942280135,925.8428264432459,46715383
2020-08-04,970.6613159179688,978.0633706821992,902.8017056351508,911.9865832893145,92041055
2020-08-05,959.7613525390625,991.152334357933,956.082888808404,978.9660801786949,74549993
2020-08-06,963.2141723632812,978.379359794549,951.3438079467057,973.549973124917,49322975
2020-08-07,968.7882080078125,973.9109808198931,956.9404677314833,961.2733354792168,32984416
2020-08-10,956.7824096679688,977.1606220933874,951.479128353328,974.4976996368632,26958997
2020-08-11,963.0787963867188,974.9040336698868,947.9812996710002,963.5301281069163,46828306
2020-08-12,960.2803955078125,968.1338417220617,950.8924453804724,957.3015226996713,30264617
2020-08-13,957.775390625,965.3805171577782,952.3366680076899,960.4608766898883,24830322
2020-08-14,954.0518798828125,973.549934599968,942.9713613334557,958.0011068702576,33224635
2020-08-17,943.9192504882812,950.0800687191717,934.328167937496,950.0800687191717,30979066
2020-08-18,956.19580078125,963.3044692046789,939.8571273001791,941.0531772225081,30547672
2020-08-19,962.063232421875,972.1959605908819,957.4595415393626,966.3284692913196,34087543
2020-08-20,946.4918212890625,958.6104445458395,942.4071530026558,956.850185253758,22537845
2020-08-21,939.63134765625,957.7528424475055,937.4423204149851,955.9474560788303,25280895
2020-08-24,945.9050903320312,949.854317250222,934.5086218851164,943.9417586729289,32717218
2020-08-25,939.7442016601562,952.9234928104662,937.8936880228628,950.5313333957848,19388008
2020-08-26,964.658447265625,969.4652701628314,923.9020783795879,941.0531605726751,59870421
2020-08-27,952.6076049804688,970.3905879404774,949.2902183763626,969.4878648165206,28085062
2020-08-28,955.1124877929688,962.6724872841761,950.64417889511,956.8501236807623,27166900
2020-08-31,939.1124267578125,981.2228519777866,929.9275487290871,981.2228519777866,62076132
2020-09-01,942.0687255859375,957.9334441866578,930.8527654130116,947.8233392331533,38616258
2020-09-02,960.5512084960938,964.9743904615849,941.0531538410881,944.2125354209737,26949439
2020-09-03,953.2845458984375,965.3128543894694,949.177314241105,960.4609045761807,18586429
2020-09-04,937.5552368164062,946.4467283078576,935.275954940486,940.3987281070342,28475945
2020-09-07,939.992431640625,950.4184857636033,922.6607820696723,940.6017681981718,21926473
2020-09-08,951.0278930664062,957.3015291324416,939.0220876589311,944.2125515075138,27397082
2020-09-09,975.5132446289062,978.4244265500107,939.4508218895586,941.053135941398,55310877
2020-09-10,1044.4110107421875,1058.3801472724467,981.8320607367515,985.3300156152798,140304404
2020-09-11,1047.0062255859375,1055.175562246342,1032.269926063605,1043.5083899488072,59470807
2020-09-14,1039.2432861328125,1065.1730450418972,1029.9680930852214,1049.3760154989545,44063445
2020-09-15,1046.5999755859375,1049.7142296990357,1032.743657881546,1043.485721472839,27178393
2020-09-16,1049.1724853515625,1069.3926909721251,1042.8537233256836,1047.118839939509,33952295
2020-09-17,1037.528076171875,1053.3025400234242,1034.4137023752521,1047.1190390154095,25828669
2020-09-18,1040.6650390625,1046.8709851509045,1027.5083091955705,1044.5240122145226,33074915
2020-09-21,1018.1653442382812,1054.340524274349,1014.3288160609994,1038.092106363457,33627381
2020-09-22,997.990234375,1027.7112111815643,993.6573068799258,1027.7112111815643,34792254
2020-09-23,1006.8590698242188,1027.5983602691515,995.3498434566727,1020.0383606869218,42988708
2020-09-24,984.4724731445312,1004.6926220511629,982.1480045429355,996.5233454684201,29826318
2020-09-25,993.7250366210938,998.7349916951074,978.1988318727759,987.9929866283342,28374935
2020-09-28,1000.2921142578125,1010.1088922605071,996.1397551110359,1005.1440644113056,19666849
2020-09-29,1013.2908325195312,1021.8437503790619,1000.2921093414723,1004.2413960622814,25842539
2020-09-30,1008.4615478515625,1023.1978479695786,1004.2414380548115,1020.0384662144733,24465159
2020-10-01,1004.354248046875,1021.753530546787,999.2766020471888,1021.753530546787,20783227
2020-10-05,998.4641723632812,1015.1412998899507,995.6658680054296,1012.8168908433682,18922799
2020-10-06,997.629150390625,1008.2582772733267,993.7024274130506,1004.3541775876134,18412175
2020-10-07,1018.9102172851562,1042.154428954155,1001.9847694397473,1008.7549247010826,53170865
2020-10-08,1010.6729736328125,1023.6491928550894,1002.9324648078214,1019.5870284539118,21077808
2020-10-09,1008.0552978515625,1016.8790987960083,1000.6758061956652,1008.7548888939575,18545499
2020-10-12,1009.679931640625,1018.1200304282671,1004.8054782196958,1008.754704748335,14226473
2020-10-13,1029.381103515625,1031.660384881588,1004.6247794523708,1006.7686792412857,23112012
2020-10-14,1032.450439453125,1039.8976215416956,1023.8748385588287,1028.5689032035948,26742011
2020-10-15,995.8915405273438,1033.578784334854,990.7010764378003,1033.578784334854,20036197
2020-10-16,982.0352172851562,1007.6263990747995,980.6134716986062,999.7279451318866,21583600
2020-10-19,982.2157592773438,1005.9113606750328,972.7149909324551,988.466891534098,31200385
2020-10-20,973.053466796875,989.798344269808,971.40602552376,983.4795214556434,18482288
2020-10-21,958.9263916015625,989.3470196032074,946.8077683832299,978.5147603722606,34082321
2020-10-22,950.9601440429688,962.4919944695694,943.7612212611413,960.1901490428081,30802210
2020-10-23,953.7133178710938,963.6202899304686,946.1984454833869,950.5313131498879,23422125
2020-10-26,915.8229370117188,948.7033536754576,911.0386780241073,948.7033536754576,37324416
2020-10-27,918.2603149414062,929.7018515417203,904.9456412841947,918.4408237514781,36478896
2020-10-28,907.8568115234375,928.7314851710537,906.0288613850042,921.555066223106,29924017
2020-10-29,914.830078125,921.6454200593237,898.6268451751743,901.3348952521129,30655304
2020-10-30,927.2870483398438,932.0713070827725,912.5280676575319,917.8087852454236,34021563
2020-11-02,847.3766479492188,914.8751840367496,839.1170566069392,914.8751840367496,99366895
2020-11-03,835.167724609375,861.6165021715815,828.2621884933044,853.0409611809424,88691623
2020-11-04,863.5121459960938,870.6434375225641,829.1197275153525,829.1197275153525,80180117
2020-11-05,882.37841796875,885.0639044213495,871.9974897863348,882.355854367001,37205373
2020-11-06,915.8455810546875,920.7426584675038,892.8270071314915,898.175475948344,66674086
2020-11-09,925.5719604492188,933.8315508837121,918.9371879060812,930.7172966945931,35838510
2020-11-10,940.85009765625,943.3099481329342,921.2843506217042,937.4424565059559,36934242
2020-11-11,901.425048828125,945.5665526357731,892.8043809348467,942.858502861752,56724780
2020-11-12,893.6619262695312,906.502703689629,886.8917719189561,894.1133176465529,40046527
2020-11-13,901.0640258789062,919.2306494130244,894.4518760870695,894.5646940909385,45388670
2020-11-14,903.7269897460938,909.5944812873773,900.5901715592453,909.4139724729714,5226220
2020-11-17,899.6422729492188,941.0531655438715,895.9186819311539,941.0531655438715,46542562
2020-11-18,896.9117431640625,905.6227264147238,884.680300664064,899.6423569348701,30402290
2020-11-19,890.5703125,907.405445431904,888.3361577898231,896.9116993129645,27796343
2020-11-20,857.3287963867188,895.377116449163,855.297714134409,891.4052660410506,57471248
2020-11-23,880.4375610351562,889.148483349999,869.4021701299365,880.5729426320072,45327567
2020-11-24,886.4630737304688,890.953946718642,871.9974772270936,886.4405101290448,30936268
2020-11-25,879.128662109375,899.5068761620935,876.6011807335245,893.6619486348033,32637879
2020-11-26,881.2950439453125,886.8917116578955,871.1172495113492,881.4981760203764,25838637
2020-11-27,871.0044555664062,882.8748194602481,867.2131737985623,875.8338420233673,47336811
2020-12-01,882.3331909179688,887.4559636242224,871.1172913559293,875.7661090949532,19750687
2020-12-02,883.8001098632812,885.5378055525415,873.3514915114731,883.9580550659119,22188887
2020-12-03,886.4630737304688,894.1585153494483,884.0257869322113,890.0512832775495,27785372
2020-12-04,878.65478515625,888.6971991448669,875.6082215278506,888.6971991448669,18464552
2020-12-07,883.8226318359375,886.8917588790096,875.8789913444388,875.8789913444388,18242188
2020-12-08,899.8679809570312,909.1205496272892,880.1216664908698,885.1541851802805,43403061
2020-12-09,914.8526000976562,917.9443506509773,902.3503953551077,907.1797819467947,29175254
2020-12-10,905.8482666015625,915.552166728337,903.1402167199674,912.437912349106,16065507
2020-12-11,905.3067626953125,919.8400506046492,891.0668016166311,908.5563989714369,26944202
2020-12-14,898.7621459960938,909.4590234227397,896.5279914527346,906.2770186070177,17312747
2020-12-15,891.1118774414062,898.0399769590505,885.1315087967429,898.0399769590505,18551265
2020-12-16,892.1048583984375,900.4096365369544,887.2077809533278,897.2727587493416,18561011
2020-12-17,896.189453125,904.9455622584525,892.3756079246118,895.6929942485893,20252358
2020-12-18,898.875,904.9004961820984,886.8918178223723,893.7071594170455,18466344
2020-12-21,875.4727783203125,912.6184341659626,837.3567682633857,907.2023343255363,44135540
2020-12-22,874.1187744140625,884.13862467934,852.3413781920493,879.6703154945026,28140001
2020-12-23,877.3458862304688,880.7760906412614,866.8746448149003,871.0947542977892,19501410
2020-12-24,900.0484619140625,902.1471750538747,878.2710673327456,878.767526196303,20776988
2020-12-28,904.1782836914062,910.8130563627905,900.5675108718648,905.7128472166959,17221499
2020-12-29,898.1980590820312,908.2404734290649,894.8129219384762,906.7510369627275,18611939
2020-12-30,900.6577758789062,905.9384938821528,891.6534670154136,900.5449578807359,22043630
2020-12-31,896.0540771484375,908.0598221912284,893.0300772883096,899.7551043755919,18781189
2021-01-01,897.047119140625,901.3348599535196,894.5647051802756,897.27275515116,10015175
2021-01-04,898.55908203125,902.1923588792536,888.2458453983129,900.4772865018267,24513534
2021-01-05,887.3882446289062,895.2867576296607,882.8296217394585,888.6971124168427,24123091
2021-01-06,863.9861450195312,887.3431733969305,859.8789129484342,887.2980461940915,46401468
2021-01-07,862.5869140625,877.8649187321673,859.8788642012053,866.8069639014568,32325918
2021-01-08,872.7647094726562,874.8860460383853,863.0156822176616,865.678604878862,27540187
2021-01-11,856.313232421875,875.0665690475399,854.1693322211945,875.0665690475399,33307825
2021-01-12,883.3035888671875,884.6350202719551,857.5092170064466,858.9083988996434,41161546
2021-01-13,875.0665893554688,891.3826993524976,865.8817711258671,886.2373626282811,26619458
2021-01-14,884.9059448242188,887.7494361349055,875.1794806347706,877.8649670437152,21553242
2021-01-15,874.4573364257812,890.8637012770374,866.6039495178113,884.9059553680901,20593268
2021-01-18,895.4447631835938,901.3348178565226,868.093322463363,879.7154269171596,35100458
2021-01-19,910.0908203125,916.6804055030773,900.2740437805934,900.2740437805934,32006615
2021-01-20,927.3773193359375,928.8667555895526,903.320643603404,912.3475752102067,30924537
2021-01-21,947.552490234375,956.8501859101181,936.539722158253,939.6991037539394,39087742
2021-01-22,925.0755615234375,954.7514714069698,918.5536065523528,952.7880800202875,30532660
2021-01-25,876.0595092773438,918.4633177239738,871.9974047459384,918.4633177239738,54207104
2021-01-27,855.2976684570312,868.8380370064367,852.13828693381,868.8380370064367,42370131
2021-01-28,846.9703979492188,868.0707665841978,844.0140887864603,848.5952159319003,34067814
2021-01-29,831.353759765625,863.466891741496,825.9601647138688,854.9816063712183,43712383
2021-02-01,855.4331665039062,859.8111617886597,834.0845374375884,839.2298742462161,34180952
2021-02-02,869.1990966796875,875.6081736879117,837.2213427448476,863.9860695183817,41470034
2021-02-03,871.3881225585938,881.024271808645,857.5543678212887,870.3274543100903,30301696
2021-02-04,868.5220947265625,875.6081993096957,859.8111124753323,868.3866534338506,25626981
2021-02-05,868.2738647460938,877.7070019033696,866.5813559125976,871.1173559922115,20248046
2021-02-08,880.776123046875,888.6972004305863,870.6660182415897,872.4713450669083,21183400
2021-02-09,882.8973999023438,897.9948961529354,881.1597638793062,885.5152551213864,19604141
2021-02-10,891.0892333984375,895.8058015904561,869.8760478719553,881.8141615916637,21234156
2021-02-11,927.8286743164062,931.6651427302581,890.1639989701773,893.6618940174507,42539278
2021-02-12,921.46484375,937.8937722721672,909.6396062888572,927.7385398005773,30497029
2021-02-15,917.402587890625,930.3561823841347,913.9723837609447,924.3758738322135,15791099
2021-02-16,929.5438232421875,938.5255683500038,918.4858688517324,920.6297689320974,21421660
2021-02-17,940.2633056640625,945.9953555067547,925.5268870227972,929.7695004811927,23742994
2021-02-18,933.2448120117188,951.6145059493895,929.3632164892342,941.0530705612548,18646877
2021-02-19,938.9318237304688,950.0574695218014,926.745509641073,928.4155145358285,23403483
2021-02-22,906.3446655273438,943.2646823971752,900.4095436576987,938.7963735267837,23804335
2021-02-23,913.2728881835938,926.5649977273687,908.8271426020757,924.3534067368045,25644108
2021-02-24,930.2208251953125,932.139029538801,914.4914301945876,916.22912574907,10807663
2021-02-25,967.8404541015625,971.2932222091624,935.637002954952,936.9910577541981,34855693
2021-02-26,941.4141845703125,963.123829134179,934.5988434646592,955.4961387654923,37481215
2021-03-01,948.5905151367188,953.2393924295695,930.8977886745398,952.4269238065036,17680764
2021-03-02,950.5313720703125,961.3636314461147,942.9036812135959,957.7529181155573,17150760
2021-03-03,993.9055786132812,1001.9395335212855,951.0730007855624,957.3241328149178,31924461
2021-03-04,982.0578002929688,988.421750465709,973.8659000002634,983.9308776144062,21435754
2021-03-05,983.3440551757812,998.3512962856287,971.7670781260525,973.0985692708165,25511666
2021-03-08,988.9407958984375,1007.3556183257853,978.5147413680846,978.7403773670584,19506841
2021-03-09,988.9180908203125,999.1861993021838,968.8558884914019,992.9576314805555,15154484
2021-03-10,984.8109130859375,999.7730267712369,979.5301951697431,996.1171267701603,11519358
2021-03-12,964.7939453125,995.846415828836,958.6105036545637,990.7010789298332,16864952
2021-03-15,951.8402099609375,969.8939539882846,939.0219967848262,965.899600131311,16698099
2021-03-16,948.0941772460938,959.5583372131907,945.7923317505264,954.1421774953259,13873801
2021-03-17,927.6707763671875,949.1773492874154,918.5310260738679,946.9431947370554,19210236
2021-03-18,906.7960205078125,940.9627994148021,903.1401207256077,935.5917677310513,20647480
2021-03-19,939.6990966796875,945.9502287147974,894.9257507304794,898.6267780925764,41787429
2021-03-22,930.8526611328125,936.0882516774249,917.6734303772165,934.7342566902689,18572478
2021-03-23,942.1815185546875,952.2013688377597,927.9641819762402,930.6496682735799,17421165
2021-03-24,924.0374145507812,938.6835185270156,920.9231603023551,938.6835185270156,16822814
2021-03-25,898.829833984375,927.0614339788925,895.9186520687285,927.0614339788925,22001648
2021-03-26,900.274169921875,908.8722746334809,890.818529006779,908.1049928320286,20180202
2021-03-30,915.9132690429688,924.7596332154852,898.8750045089173,906.2996230548414,20441701
2021-03-31,904.0879516601562,925.2108826971944,902.2374380883726,910.8130382876154,16250796
2021-04-01,912.55078125,916.2292452262719,904.1106213459858,910.813145160988,11723312
2021-04-05,899.348876953125,913.9724170012217,885.5828730456216,913.9498534023671,14875099
2021-04-06,895.602783203125,904.9230424620014,888.6971873373794,904.4942743627021,14009194
2021-04-07,903.9751586914062,923.8569132620463,899.6648545655975,902.6888544411458,24266353
2021-04-08,905.1034545898438,912.6183265552623,899.5293505101994,907.6535590049441,15369188
2021-04-09,894.5872192382812,905.5548598128081,893.661932570132,901.9892738152234,14037885
2021-04-12,862.5869140625,885.2669734194948,857.6672732350632,884.1837415365642,20901482
2021-04-13,871.9072265625,875.8790770428972,865.610966973059,868.3867078045856,19411189
2021-04-15,877.5489501953125,885.0863863250735,863.421868505896,869.4247410901053,19723716
2021-04-16,872.0426025390625,880.0765578540482,869.4924977392149,874.0736848152176,15656948
2021-04-19,858.3217163085938,864.9564895083129,853.0409979470431,859.3598210383852,18478808
2021-04-20,858.073486328125,866.129945192319,853.244099852856,862.2935362093694,17203668
2021-04-22,860.4429931640625,864.0763296197583,847.0380660893645,854.05647971313,14490954
2021-04-23,859.517822265625,866.0848449417196,855.4557174605446,860.262540485022,11828857
2021-04-26,874.6376953125,885.5377038035335,862.7447691348887,866.5812373706732,20846778
2021-04-27,897.5661010742188,901.4250736005504,874.8183510247649,875.6081964100579,19992524
2021-04-28,901.47021484375,906.2996013229371,893.7297060704715,901.7184741400474,17122437
2021-04-29,913.5437622070312,922.7737675845348,905.9837618121402,913.0246799848917,17412606
2021-04-30,900.2064819335938,918.9372550182458,897.0696639164535,906.5253048610995,19828769
2021-05-03,884.2063598632812,893.2106694861402,877.007436823715,887.3431780134558,23640186
2021-05-04,865.0467529296875,888.1556413637521,862.5192714204591,880.1216860397934,21849830
2021-05-05,866.62646484375,874.9311830141904,861.1877417678091,868.0933376376232,12393609
2021-05-06,871.5460205078125,873.3514068231331,860.533193830387,867.4162254267926,14624666
2021-05-07,871.8846435546875,882.6717759114722,869.2894115930914,874.5926935213764,12288548
2021-05-10,869.379638671875,878.677334300937,867.010102487007,875.1568754240988,13941237
2021-05-11,872.5165405273438,874.9537675806936,862.0678622246373,864.324640162575,13478264
2021-05-12,863.4895629882812,872.4036175039552,860.7138223730607,871.1398768410697,13177961
2021-05-14,874.3895874023438,876.5108642766377,860.2625054108522,870.2146050700743,13291616
2021-05-17,884.7931518554688,886.1922742569557,871.2753456385512,874.3896599460207,11873078
2021-05-18,897.2501831054688,903.8623926091062,890.2768962963072,894.1133650520243,12064918
2021-05-19,901.3573608398438,910.1134700489604,890.0512067367108,893.6619198826413,16317002
2021-05-20,896.09912109375,907.6084061877281,894.1132260680951,901.7409158080419,11422532
2021-05-21,903.8397216796875,907.0216665569667,896.3699768469676,899.078026470791,10785605
2021-05-24,896.2120361328125,907.1120455871035,894.5646545808229,906.2995769189343,8551760
2021-05-25,886.056884765625,901.33489057257,884.6351390826914,901.0640676586617,14780102
2021-05-26,889.171142578125,893.4363796423949,887.0273019371077,891.4052973188182,7480204
2021-05-27,891.9017333984375,899.5294239766795,885.6506014850115,889.283937975624,26819294
2021-05-28,945.476318359375,950.0800090423911,898.1754320907405,898.1754320907405,56469931
2021-05-31,975.039306640625,989.2115150434242,941.0756583298827,948.7259121956556,59124142
2021-06-01,978.9210205078125,993.8605124616367,968.8108556050526,977.6120928456976,28013832
2021-06-02,993.5218505859375,997.2454412183025,973.5498427606852,973.5498427606852,24630162
2021-06-03,997.313232421875,1015.5249829566307,991.197541606595,1002.4359457378657,23974257
2021-06-04,988.6700439453125,1000.382403586374,985.8491162192327,999.6376853522006,14468646
2021-06-07,1005.3245239257812,1011.9141694726093,986.1875471509084,993.8604245557929,16336573
2021-06-08,999.5473022460938,1005.2116608783687,992.1226844618565,1004.963461293647,9674735
2021-06-09,981.6741333007812,1002.4359284900111,973.9786921208427,1001.5332651004173,11409161
2021-06-10,985.2848510742188,1006.4980364625192,982.8250009526113,989.97879594458,14155653
2021-06-11,1002.375244140625,1009.1011338517071,987.4063134106076,988.6745196444147,13762778
2021-06-14,1016.7553100585938,1022.8017515989352,994.1773239826662,1003.2130828049194,20332436
2021-06-15,1019.0652465820312,1030.3428892787051,1014.6719292575741,1024.04738247787,15174215
2021-06-16,1001.6732788085938,1017.7292188167856,999.0689992893482,1016.7554817175181,10797349
2021-06-17,1003.5075073242188,1012.2714997953356,987.315715260484,996.4193416411849,15745975
2021-06-18,1008.0367431640625,1012.2715649781592,989.331239663787,1007.9688163777718,29369026
2021-06-21,1013.29052734375,1017.9329096042337,996.4873342427861,998.0046053152495,12186448
2021-06-22,1008.08203125,1024.0474616919707,1005.1833424900376,1020.8769459855561,12871913
2021-06-23,998.842529296875,1019.3370107371757,997.1893446925246,1019.0653035968686,16653951
2021-06-24,975.3587036132812,1003.0319792586279,969.2443347205035,999.5218896905816,91461975
2021-06-25,953.14306640625,975.3587188779936,942.5674531142881,975.3587188779936,55355022
2021-06-28,944.7867431640625,963.129909816626,942.5221576464701,961.0918068108575,20277042
2021-06-29,945.60205078125,955.2039275943256,943.9262837366043,946.3720075153033,27144063
2021-06-30,955.9512329101562,961.3862145219897,947.0740283906408,949.4291830957576,19762858
2021-07-01,950.1991577148438,961.6126545352091,948.863024683412,959.280142195751,12534407
2021-07-02,964.2847900390625,966.0285435505776,947.9344427990782,949.7687653501115,14086620
2021-07-05,973.8640747070312,975.3813457995719,965.3944913619939,967.6364346091955,11702287
2021-07-06,962.3599853515625,973.2752927037599,960.2765977537204,971.4863144110957,10070124
2021-07-07,955.679443359375,963.6961219133111,950.2218196134942,963.6961219133111,10454892
2021-07-08,947.7760009765625,958.8045791709611,942.5221577829742,958.8045791709611,11185460
2021-07-09,938.0836181640625,947.3684433649398,935.7737479702222,945.692616426164,9037675
2021-07-12,943.92626953125,951.8070347554016,939.5782363454429,941.9560333000883,8585292
2021-07-13,950.9917602539062,952.5090313833667,945.7152147930674,951.1276138236502,6717133
2021-07-14,944.7867431640625,954.2300635744198,942.6353689523012,951.2860904215172,8532544
2021-07-15,943.1336669921875,948.8630578642602,941.3899132919198,948.8630578642602,9448356
2021-07-16,956.7437744140625,957.8081403899708,945.5114158643191,945.5793426478567,8828185
2021-07-19,950.652099609375,961.9976700838799,947.6175572445412,951.1276470202398,8354449
2021-07-20,948.3195190429688,954.7509997157346,943.8809767465054,950.9011562369292,6741464
2021-07-22,960.5029907226562,961.9523350417173,950.289713605715,959.7330340406753,7972397
2021-07-23,953.7093505859375,966.7307488858196,952.0561658138582,966.7307488858196,9937030
2021-07-26,940.642578125,960.6388700312618,938.0382987131833,954.750983452507,12389668
2021-07-27,930.7462768554688,943.745031435626,924.8583903750485,940.6199201537044,10824523
2021-07-28,922.7523193359375,932.1050710097164,913.1957274047861,932.1050710097164,12897848
2021-07-29,929.9536743164062,939.5329082786225,925.4924300252735,930.2933681370648,13765738
2021-07-30,921.8238525390625,936.6115854453042,919.9215431668897,932.1050565925411,11350608
2021-08-02,938.6724243164062,941.7975357253354,924.4734496016514,930.4293230086479,10925104
2021-08-03,945.579345703125,947.0513322851771,934.9131634487219,946.5984271599676,11817299
2021-08-04,952.8261108398438,957.468493410625,945.239695070289,948.5912889902256,13169800
2021-08-05,966.6400756835938,975.9474827845528,953.0525024475675,957.604315821072,21252078
2021-08-06,946.168212890625,972.3921457790564,941.5031281309346,964.6925186543999,16620987
2021-08-09,940.7784423828125,946.5078930939915,935.9548618556917,942.522196064497,7494143
2021-08-10,945.7152099609375,957.0155553586313,939.238504866793,942.9750770172923,11919198
2021-08-11,958.963134765625,960.1859966454768,943.6092248291548,949.7462363911606,9184963
2021-08-12,955.88330078125,962.9941092821113,953.3922326146494,962.4052906590396,8137612
2021-08-13,971.8032836914062,973.7282353115995,955.181228214771,958.9630848706249,12780901
2021-08-16,984.4171142578125,997.7782056289792,963.8772875225334,973.4791642916643,21935444
2021-08-17,980.2276000976562,989.716205298415,972.7997402220516,982.3110475847799,12658169
2021-08-18,984.0321044921875,990.4408829212671,974.9511198541776,984.6435653646352,10075860
2021-08-20,972.9808959960938,983.7376470917055,967.88554870858,970.6030393085123,9426282
2021-08-23,979.3671264648438,984.6436123486905,965.756910089194,984.6436123486905,9854395
2021-08-24,989.0369262695312,992.7961409161452,976.3098780018888,980.5899844960273,11864472
2021-08-25,997.5969848632812,1005.4778098902966,987.4063495975512,989.8068486851395,13380559
2021-08-26,1010.2107543945312,1016.7554463089577,998.6839861429403,1000.0427614622415,18589616
2021-08-27,1008.829345703125,1015.7817181947378,1003.6887734868195,1013.1773788430729,10480636
2021-08-30,1028.23681640625,1030.7732288164937,1013.0867479284576,1019.0652631807153,14027062
2021-08-31,1022.756591796875,1034.3512267943545,1015.5551545716548,1031.2487577395646,26485463
2021-09-01,1026.8101806640625,1038.495504793424,1024.9532755584123,1029.482446811587,11145486
2021-09-02,1039.1749267578125,1045.2440116453542,1021.3299483032399,1021.3299483032399,9956770
2021-09-03,1081.79443359375,1084.7384068201698,1042.8435137983438,1046.2403322593964,30664428
2021-09-06,1098.5977783203125,1123.2365131929273,1092.4380047519112,1092.8909697996994,33641710
2021-09-07,1105.5274658203125,1113.2723180946527,1092.4380808510261,1100.5906136768078,17349882
2021-09-08,1101.201904296875,1111.460525484485,1090.01483063056,1110.5547152662286,14301651
2021-09-09,1098.5977783203125,1104.145971203985,1094.2950296674799,1099.6394421897962,8963249
2021-09-13,1074.117431640625,1101.9492019199529,1072.5322338327235,1101.9492019199529,16311160
2021-09-14,1072.7135009765625,1084.2854942866497,1071.6037904973264,1075.6801166083583,8908356
2021-09-15,1077.1746826171875,1085.0780298856923,1072.7360805602518,1072.7360805602518,9071075
2021-09-16,1099.7752685546875,1103.6476943262978,1072.0567074838173,1078.6466838742622,13448882
2021-09-17,1082.7227783203125,1112.2983612101125,1075.9516645338,1107.8371172912175,34882133
2021-09-20,1084.444091796875,1095.3140549772365,1073.415512979037,1074.3666078022443,11779819
2021-09-21,1089.1317138671875,1094.521410709491,1079.756260196694,1089.2675674362638,9915736
2021-09-22,1100.8170166015625,1106.025455452025,1086.210362198153,1090.6263219107966,10995912
2021-09-23,1127.720458984375,1130.936139610999,1107.6108943355246,1108.4714201510762,15748397
2021-09-24,1124.459228515625,1134.7631343059459,1119.613065939266,1133.9026086017536,15192163
2021-09-27,1143.3685302734375,1145.8370159244848,1121.1077134942575,1126.4068411721403,15373834
2021-09-28,1154.0574951171875,1161.689135216267,1138.092065214608,1147.6939414575027,18035258
2021-09-29,1144.9085693359375,1163.9989904714507,1141.3757775989957,1163.9989904714507,9719875
2021-09-30,1141.01318359375,1147.9655545554053,1132.453092571002,1143.6175223722971,13590654
2021-10-01,1143.029052734375,1150.3210597794448,1130.0303565325742,1133.178110444469,8958928
2021-10-04,1157.72607421875,1166.1955973057436,1149.075293250508,1156.2993722307872,10918552
2021-10-05,1181.7532958984375,1183.0215020120208,1153.7402689056823,1157.25041807704,13533634
2021-10-06,1159.4019775390625,1186.6222902143543,1155.4389825506435,1186.6222902143543,10258881
2021-10-07,1165.0860595703125,1177.0204479976474,1162.9573276219362,1175.3219190109808,6336665
2021-10-08,1209.8570556640625,1215.8129290316733,1169.207605953432,1170.906015220909,15772493
2021-10-11,1201.4326171875,1231.9366542030143,1198.1263679197398,1223.5124154081877,14768666
2021-10-12,1208.29443359375,1215.1788796176056,1196.2694750157295,1197.9680041586355,6682011
2021-10-13,1220.591064453125,1231.7102112927382,1208.9736680853593,1213.3669853963502,9959762
2021-10-14,1223.0595703125,1230.7818997818822,1217.0810544912147,1223.0369280495506,8623469
2021-10-18,1226.320556640625,1243.2596035729455,1205.8033136478314,1208.6567177514992,13594479
2021-10-19,1237.3037109375,1246.1356302424738,1226.5016753447112,1233.6577079515857,8833409
2021-10-20,1223.0595703125,1242.2406818392346,1219.0286485058555,1242.2406818392346,12710570
2021-10-21,1187.777099609375,1235.5599338327822,1179.0357499377028,1235.2882267218629,20831669
2021-10-22,1189.9964599609375,1206.9809106504802,1182.7950231580921,1186.6448064236538,11027475
2021-10-25,1178.40185546875,1213.8201056097269,1163.9990998346134,1213.8201056097269,17198417
2021-10-26,1205.237060546875,1208.7924943194173,1179.0131308175069,1185.3313994732075,9750178
2021-10-27,1189.9964599609375,1212.3706072222662,1186.6221641632774,1201.1382490708493,9896298
2021-10-28,1176.952392578125,1194.77472717133,1173.283867099268,1186.644837678606,9886181
2021-10-29,1148.713134765625,1175.8428779756357,1133.0648156155328,1175.8428779756357,14233025
2021-11-01,1149.4151611328125,1157.6582624374937,1129.6225892164332,1148.7131311991511,15481114
2021-11-02,1132.6572265625,1154.034998237925,1130.143575828135,1152.6762227813829,10569130
2021-11-03,1124.8670654296875,1141.353269066621,1114.6310849978502,1135.034999269857,11989430
2021-11-04,1131.77392578125,1134.514118637374,1127.7656464746356,1129.1016597099565,1705656
2021-11-08,1133.1781005859375,1141.3532756603024,1112.5476437566415,1141.081448693073,20337183
2021-11-09,1142.1231689453125,1145.38413396809,1126.4295651226153,1134.5594552172417,15682497
2021-11-10,1154.8953857421875,1158.56403111527,1133.9479393972968,1139.8585280650227,10253470
2021-11-11,1157.0015869140625,1164.2255472479787,1148.3960890914113,1150.4342522284085,10722478
2021-11-12,1174.4613037109375,1177.0203582261677,1158.1109568058941,1160.783222618203,8712341
2021-11-15,1167.5318603515625,1178.583081524526,1163.9990683781703,1177.586582367733,4803269
2021-11-16,1140.402099609375,1166.2636363626991,1130.0302662731583,1164.9275032865714,11337581
2021-11-17,1115.9896240234375,1131.81907885733,1114.630848883986,1131.81907885733,10202029
2021-11-18,1120.201904296875,1127.3127730233773,1109.6715745881545,1114.1781038166205,8505625
2021-11-22,1070.5848388671875,1109.1961291306902,1064.8101030658254,1103.353466536403,24124307
2021-11-23,1080.5941162109375,1087.5691305828452,1045.7874503355001,1056.6800550508478,25326999
2021-11-24,1064.9910888671875,1091.4867243500764,1061.4356552775093,1077.9444973476766,16820296
2021-11-25,1129.1016845703125,1133.2006528139436,1067.5954770563671,1074.7742721480843,42401936
2021-11-26,1092.709716796875,1122.1493269988055,1087.6822964764374,1117.7107252384765,15763138
2021-11-29,1105.7991943359375,1132.2949564813318,1086.5954393266575,1104.712245845007,24325354
2021-11-30,1089.44873046875,1121.3794713466475,1081.9529437331894,1117.8013949441001,32172299
2021-12-01,1117.3486328125,1120.519028933976,1098.3713010103995,1101.9493776790864,10104610
2021-12-02,1124.5272216796875,1130.5736640269113,1114.9027029403865,1118.571348380323,12720411
2021-12-03,1090.7396240234375,1131.6154976946157,1087.0030516324528,1131.5702131686844,19222481
2021-12-06,1070.06396484375,1098.326063585159,1067.5955985919252,1094.2498569399281,10332254
2021-12-07,1078.782470703125,1088.814549469748,1068.8862454989733,1076.2008936152106,11235122
2021-12-08,1095.20068359375,1101.4056210006474,1089.8562718344901,1097.9182338918165,8744178
2021-12-09,1112.5701904296875,1120.9265028973477,1098.3259314492311,1102.8551026436394,13213547
2021-12-10,1113.7025146484375,1116.8955527047663,1100.7489847314073,1105.2328712872275,8364414
2021-12-13,1091.3736572265625,1120.5642045309762,1088.8146024741634,1120.2924973928066,12901733
2021-12-14,1078.012451171875,1089.7204159270498,1074.9552669933066,1077.9445243946013,12991523
2021-12-15,1074.8648681640625,1089.2676234327396,1069.38448219365,1079.7563157042177,9366969
2021-12-16,1088.769287109375,1094.0231302341062,1072.8039773873268,1089.5845283011158,9761279
2021-12-17,1060.0318603515625,1090.6264710688479,1050.7696168986836,1086.1199416955528,21049821
2021-12-20,1031.4527587890625,1049.7958677716224,1017.7519129116022,1049.7958677716224,14325846
2021-12-21,1046.806396484375,1062.5452825090044,1038.1783778851348,1046.851681002988,12836561
2021-12-22,1071.64892578125,1074.275907104783,1051.6753379399179,1052.9887088013688,17658543
2021-12-23,1071.26416015625,1077.944705915956,1068.0031950967277,1075.2271551661324,9072401
2021-12-24,1074.6837158203125,1083.3796623765666,1058.718285237532,1073.4155095265614,7886494
2021-12-27,1073.5286865234375,1077.0388360812635,1063.4966072069749,1069.588333994207,4017223
2021-12-28,1086.2781982421875,1089.1995288788441,1074.7967758285763,1075.9516508475376,6374613
2021-12-29,1088.1353759765625,1095.6085205634522,1078.8957755234705,1082.926817028114,15425312
2021-12-30,1068.4786376953125,1089.2449463146104,1062.3642685656102,1087.0030029803643,29333171
2021-12-31,1072.57763671875,1079.7110276415224,1068.8863489128844,1074.7742955921874,9477290
2022-01-03,1088.7467041015625,1090.603728995159,1070.4941656370397,1071.1509110384136,5421611
2022-01-04,1113.317626953125,1114.6311178916164,1088.8147434123907,1094.2045607530267,10847728
2022-01-05,1118.5260009765625,1121.8776545605729,1101.9265882823174,1115.0838981501056,11643813
2022-01-06,1094.4761962890625,1111.4606489189575,1091.0792578429503,1110.1924425923644,14447422
2022-01-07,1103.3079833984375,1113.294777565113,1092.2341211399646,1101.0207557139988,13112115
2022-01-10,1104.2139892578125,1112.819487274749,1094.2724778501188,1110.554901449293,9246731
2022-01-11,1112.1627197265625,1120.9492358826358,1102.8551919025351,1103.3081569787676,16205164
2022-01-12,1141.8514404296875,1143.595254204983,1116.4427463358454,1119.2961508769274,14800442
2022-01-13,1148.2828369140625,1150.8645340891296,1136.0993826537385,1141.9194026287705,11856712
2022-01-14,1149.9586181640625,1162.7761757448827,1144.0027445379585,1148.1469975068374,19930176
2022-01-17,1155.9595947265625,1161.734329339856,1149.0526273304495,1149.5055923237667,8036453
2022-01-18,1142.16845703125,1160.5342073047743,1139.4282640408564,1157.0921041700744,6215029
2022-01-19,1142.0777587890625,1151.3172385374578,1136.370950826631,1145.882257497244,9755485
2022-01-20,1122.08154296875,1136.8014098425185,1111.913489734347,1132.3175229917704,16494486
2022-01-21,1122.2626953125,1133.3139167394952,1110.5548482538704,1110.5548482538704,13338594
2022-01-24,1076.9935302734375,1134.4461715764583,1066.666981959244,1120.9717499530957,21868937
2022-01-25,1074.887451171875,1081.8623458947789,1043.9757327083191,1064.1532222498897,24510205
2022-01-27,1058.96728515625,1067.1198169153088,1046.7159051568356,1058.0161903944513,20020431
2022-01-28,1057.9483642578125,1076.0876922422228,1054.5741878483832,1071.1509600753575,14667727
2022-01-31,1080.9339599609375,1089.9017336429354,1067.1651879580827,1068.9769283849403,12143683
2022-02-01,1077.3558349609375,1096.333045361315,1063.0436492942567,1090.6263567842825,13200509
2022-02-02,1079.552490234375,1090.1733881906252,1075.725349000261,1090.1733881906252,10017691
2022-02-03,1065.6025390625,1087.6596951339798,1063.0888887078768,1083.3795890325775,9572839
2022-02-04,1055.887451171875,1063.655064440526,1051.2677111603737,1060.280768575064,11061241
2022-02-07,1049.456298828125,1067.4371327019176,1043.975912217488,1060.7339439635584,10714467
2022-02-08,1067.09716796875,1068.8862659765236,1046.240291320876,1055.5931024543218,12060849
2022-02-09,1079.5299072265625,1081.2056742872649,1067.9805561051007,1073.9363098694528,11486225
2022-02-10,1078.4202880859375,1085.0554293647551,1071.1962083846827,1085.0554293647551,12464491
2022-02-11,1076.314208984375,1079.982854527415,1061.6849113374171,1074.887506839841,15943370
2022-02-14,1059.171142578125,1066.599001885618,1047.5990308751595,1059.9410992209632,10719633
2022-02-15,1095.1328125,1097.8277206759533,1057.8803043046898,1064.9004831978962,11212671
2022-02-16,1092.8682861328125,1101.9492706042658,1085.16871921443,1100.5904953127101,10392840
2022-02-17,1106.704833984375,1111.8681080705421,1091.5321231787168,1096.1065786813085,12853252
2022-02-18,1098.0543212890625,1112.5476464311962,1096.129369451274,1107.1126644779383,6775458
2022-02-21,1086.957763671875,1103.9875007758346,1080.0281530233087,1092.4380298945582,11107193
2022-02-22,1082.0208740234375,1085.146105195485,1063.066305633856,1065.6705251768456,13494914
2022-02-23,1075.249755859375,1089.9696221846223,1072.5096827529123,1087.5012562225045,7310110
2022-02-24,1021.6696166992188,1059.782776236231,1016.0761389464657,1043.9758405196053,24846650
2022-02-25,1034.4420166015625,1045.3119804850721,1030.954508957098,1032.698202879161,14570089
2022-02-28,1068.6824951171875,1072.2152872381166,1015.894992677199,1015.894992677199,21297446
2022-03-02,1086.346435546875,1087.4561461649769,1054.936581459969,1057.3143787554548,21471786
2022-03-03,1077.1746826171875,1093.7288113845136,1073.4381104672327,1087.002981514595,10186748
2022-03-04,1053.283203125,1070.8337101992126,1050.9280486616494,1065.7157207883167,10805667
2022-03-07,1014.33251953125,1047.1917178849474,1006.3837665616244,1032.0641687706516,17983310
2022-03-08,1012.4979248046875,1017.2536381523959,987.361002125067,1001.6279025675499,21289374
2022-03-09,1066.214111328125,1072.0567736389658,1011.8865764630572,1012.724579802494,20414228
2022-03-10,1083.4927978515625,1089.267532756051,1068.8862634347242,1087.0029472759036,17980493
2022-03-11,1086.617919921875,1091.9850941858494,1076.1555181267943,1076.1555181267943,12257423
2022-03-14,1095.5404052734375,1098.0541754406872,1075.2270625884603,1081.0697243173254,8340678
2022-03-15,1070.4488525390625,1099.6620420875429,1060.2128731362302,1099.6620420875429,15925769
2022-03-16,1088.5201416015625,1090.5809465892828,1076.6310387189703,1078.8503395210585,11149828
2022-03-17,1124.0064697265625,1131.1172183134404,1093.8420644373464,1101.8361008572806,21422098
2022-03-21,1117.5296630859375,1125.0480919172617,1104.6668219311773,1106.9314074851866,11999466
2022-03-22,1146.4033203125,1148.1243719419283,1111.2795389519592,1114.2233926126817,22557065
2022-03-23,1150.049072265625,1161.6664689349448,1142.7119015169374,1142.7119015169374,15462187
2022-03-24,1167.916748046875,1170.4078760728964,1136.8240104486479,1136.8240104486479,13168266
2022-03-25,1175.7069091796875,1184.8331776508987,1167.169339474114,1169.6604672992412,14222488
2022-03-28,1187.5281982421875,1191.0608703717303,1171.472198621402,1182.1157391354113,9891424
2022-03-29,1187.7999267578125,1194.7974641560254,1180.9382429362058,1194.7974641560254,8684065
2022-03-30,1210.6270751953125,1217.4434746814534,1185.331593767139,1195.6581430818142,15811550
2022-03-31,1193.325439453125,1209.1550162306944,1190.5400818204482,1207.0036419353132,13223718
2022-04-01,1202.882080078125,1207.094259791017,1187.55087204633,1193.8916640782966,7922880
2022-04-04,1206.4375,1211.555489970758,1196.45070474843,1202.7009276541294,7929162
2022-04-05,1189.3848876953125,1209.2453827931602,1186.961806661116,1200.7304560856285,13149870
2022-04-06,1186.2147216796875,1193.2122590361132,1171.744039651222,1171.744039651222,12257215
2022-04-07,1165.2899169921875,1180.3041331292436,1162.6402930619627,1175.3672812713683,15496499
2022-04-08,1184.6746826171875,1188.909504082465,1159.4697737682463,1159.4697737682463,15152495
2022-04-11,1182.206298828125,1195.0464967892808,1169.886872844364,1177.5864392090166,9254209
2022-04-12,1159.9454345703125,1178.7641486995603,1157.3863798447205,1171.698565177911,13217742
2022-04-13,1155.68798828125,1174.2349955581562,1152.9025109003892,1166.0371790472568,10354235
2022-04-18,1152.1552734375,1159.3793533809223,1142.1684779905993,1147.2411835351893,9974224
2022-04-19,1196.065673828125,1208.385101413979,1155.4163428280708,1158.564096562945,26141820
2022-04-20,1231.234619140625,1238.2775602010167,1199.8247720277507,1203.4481327307994,25072240
2022-04-21,1260.0628662109375,1263.1879773228495,1237.3716076586059,1245.9318196263494,21708633
2022-04-22,1249.5098876953125,1269.075915209395,1242.8972695502077,1249.5551722154648,15054154
2022-04-25,1220.6138916015625,1249.3288344946673,1206.41491600151,1242.0822318802027,17063215
2022-04-26,1257.1416015625,1265.9055943331985,1226.3658564890222,1227.4075203143414,12227666
2022-04-27,1258.364501953125,1280.8518611647926,1247.8114113086813,1248.1738072854712,19338945
2022-04-28,1277.16064453125,1291.269050141953,1261.874601680994,1272.6767577965609,25614076
2022-04-29,1263.7542724609375,1293.6015662528664,1257.8889681093667,1293.6015662528664,18214862
2022-05-02,1259.3155517578125,1270.6611211332292,1249.1701419744186,1250.9592399328203,9467006
2022-05-04,1220.0023193359375,1263.6410258882418,1212.1442565160846,1261.3764403153348,19247660
2022-05-05,1196.11083984375,1236.4658174286478,1192.079918457506,1233.5218443509423,17210669
2022-05-06,1186.9393310546875,1204.3087009820067,1174.6651887519583,1183.112189870724,19649948
2022-05-09,1140.583251953125,1176.2732081933118,1135.4652620079833,1166.2410086662385,18083752
2022-05-10,1120.813232421875,1144.3423749690376,1113.2721615832613,1130.0301899582084,19511677
2022-05-11,1109.331787109375,1125.4783543216395,1096.9444341111473,1119.9073998813726,16643899
2022-05-12,1086.731201171875,1102.7870793042052,1073.4153958980505,1099.4581878859078,20490321
2022-05-13,1099.050537109375,1122.3304948076038,1093.9551898739935,1098.7788299822744,19308778
2022-05-16,1099.3223876953125,1123.6892942266647,1094.54403200538,1102.6059947530612,13437911
2022-05-17,1145.497314453125,1150.366239393939,1101.496331090796,1102.9003909379085,16551828
2022-05-18,1149.6641845703125,1163.9990123371506,1136.0313867118257,1150.2530031709177,17276788
2022-05-19,1123.1685791015625,1137.9563739188113,1116.91835565798,1125.0482464677707,14699118
2022-05-20,1188.660400390625,1197.6961004424857,1133.2006360812218,1137.956229855782,21793091
2022-05-23,1180.7117919921875,1201.8403770570499,1174.4161648907582,1191.8534622113486,15252755
2022-05-24,1184.765380859375,1194.7974606402702,1176.5449216952304,1180.7571013596234,13527818
2022-05-25,1183.021728515625,1203.2671466893,1178.2660145793059,1193.4388469280666,12714544
2022-05-26,1171.7440185546875,1193.3934954511844,1154.0348942869591,1188.637781781663,17882023
2022-05-27,1166.308837890625,1179.9189929679753,1150.4567396045152,1174.4387272800036,16521973
2022-05-30,1206.935546875,1211.1023215122134,1174.9595259097239,1184.3801432114667,13853398
2022-05-31,1192.3743896484375,1213.2765527152142,1184.697464521731,1196.3373846577454,70620653
2022-06-01,1192.7593994140625,1202.587698682473,1184.9238588339676,1193.121675611818,9776989
2022-06-02,1233.8843994140625,1237.575687367432,1192.9858825014019,1192.9858825014019,22126569
2022-06-03,1258.88525390625,1276.0282006397301,1241.9008029974498,1242.806733024834,23939791
2022-06-06,1253.4730224609375,1274.5110388345443,1246.3395117355965,1259.1119042533815,11093152
2022-06-07,1255.828125,1264.139152836091,1246.4527910651425,1254.5372764842177,12358255
2022-06-08,1233.7711181640625,1259.564728048269,1230.260968517713,1255.8281557796806,12479250
2022-06-09,1267.6041259765625,1269.528957983228,1227.4076388685442,1227.4076388685442,17278305
2022-06-10,1229.33251953125,1263.5957731905057,1223.5577842447772,1255.4432409626409,18093057
2022-06-13,1206.0750732421875,1210.558959942895,1184.9691305419672,1200.2325310142617,17620803
2022-06-14,1190.3135986328125,1210.1288135182253,1183.6783373201108,1200.2552293704455,14714312
2022-06-15,1175.910888671875,1194.4805402025763,1170.5211912252462,1185.5354082981676,11195535
2022-06-16,1159.4698486328125,1204.331357067944,1156.752298028243,1188.0036507794862,17111475
2022-06-17,1173.0574951171875,1188.8416691150956,1157.7036439406018,1159.469980153735,24457187
2022-06-20,1151.79296875,1185.331550638825,1141.8513382748356,1179.851164692969,12066797
2022-06-21,1170.3851318359375,1174.597191210546,1145.1122963870148,1159.4697654774316,11720049
2022-06-22,1134.8310546875,1158.6998308652678,1132.747607320494,1158.6092618232658,10617206
2022-06-23,1116.419921875,1143.6177098347453,1107.3842221697334,1139.1111811125647,19446323
2022-06-24,1132.3175048828125,1137.2768791745684,1117.8014186070498,1123.2365200121847,14240234
2022-06-27,1128.9656982421875,1152.6533352328772,1123.9382780429507,1152.6533352328772,15474529
2022-06-28,1144.840576171875,1147.67133814574,1124.187598454475,1124.187598454475,13572847
2022-06-29,1168.5960693359375,1176.2278290145132,1132.7476201425022,1135.5557396776305,19205146
2022-06-30,1175.6165771484375,1184.7881319891096,1162.187557726763,1168.5283502683608,23112959
2022-07-01,1090.943359375,1173.9631898181497,1071.150907551117,1166.2183382001654,81997149
2022-07-04,1093.2078857421875,1106.0254419629423,1071.648979247077,1077.4689986763794,41857728
2022-07-05,1102.0625,1116.3973279805082,1094.7478514073186,1097.42011751126,17647327
2022-07-06,1092.3701171875,1106.0029160314311,1081.568080443144,1096.1066896148457,23943726
2022-07-07,1081.6134033203125,1102.0626023112773,1075.6801717525568,1098.7337103035795,23301033
2022-07-08,1083.1080322265625,1095.155633472675,1079.0996326989614,1095.155633472675,19010108
2022-07-11,1097.82763671875,1100.046817658232,1073.4153285810387,1076.359301395055,13847467
2022-07-12,1096.2650146484375,1104.9837222205626,1088.8145132177926,1088.8145132177926,10778989
2022-07-13,1076.8349609375,1102.4022679488555,1074.7742754785731,1099.3677256155834,14224132
2022-07-14,1085.712158203125,1102.3796184650857,1076.5632467388843,1081.5680252499114,16970315
2022-07-15,1087.818115234375,1093.7966300835249,1079.3485924648505,1093.7966300835249,9603210
2022-07-18,1097.08056640625,1098.3260107043704,1083.5155743058108,1096.5143900160117,15160908
2022-07-19,1103.8062744140625,1108.2901609105513,1087.1388148491112,1087.1388148491112,16439888
2022-07-20,1133.653564453125,1151.5438277746334,1126.0672081991272,1150.4115948025603,23924246
2022-07-21,1126.0897216796875,1132.2947793542016,1117.484344754926,1129.5772288514759,16523230
2022-07-22,1133.6988525390625,1139.6773678755283,1130.030207237111,1132.2947927493988,10969995
2022-07-25,1096.2425537109375,1117.5523977830067,1088.3618480432954,1117.5523977830067,23110452
2022-07-26,1096.74072265625,1106.886133119494,1092.143624721455,1096.5595845623452,11303288
2022-07-27,1095.6990966796875,1099.2317688342157,1087.908840568981,1096.0387306174957,8655086
2022-07-28,1112.8646240234375,1117.7787135139506,1096.5142758027298,1103.3080323769393,12496073
2022-07-29,1136.5748291015625,1140.0396942059215,1115.989778235377,1120.8359411287292,15130683
2022-08-01,1166.1956787109375,1172.038340631328,1135.7369249153332,1140.9681259695833,15700044
2022-08-02,1170.6343994140625,1181.1194448466035,1160.1719962455124,1165.1314906618964,13917913
2022-08-03,1180.4625244140625,1182.11564904104,1162.8440902328596,1177.586478112168,14250977
2022-08-04,1164.859619140625,1185.6259288355277,1148.1469933470867,1182.1157790494954,14467127
2022-08-05,1147.6939697265625,1167.9846710602349,1144.5009315875282,1166.7165845896059,13942438
2022-08-08,1162.708251953125,1170.1361123075012,1146.3352600049257,1146.3352600049257,10165178
2022-08-10,1169.66064453125,1173.012178752456,1158.133815529184,1167.1242318013608,10724688
2022-08-11,1173.5556640625,1182.0704726435374,1168.618812190309,1178.990645714219,8198226
2022-08-12,1192.5328369140625,1196.3146936661199,1169.5247047340195,1173.193230375856,12650587
2022-08-16,1200.8212890625,1203.5388398516432,1189.9513255065965,1198.511418811862,6607378
2022-08-17,1207.0941162109375,1212.4158859762824,1202.7460834374597,1207.0261894301318,6595965
2022-08-18,1209.2833251953125,1212.7820913718717,1199.6955520359063,1208.6925853891362,7410035
2022-08-19,1187.7220458984375,1209.4648732471105,1183.677852607992,1204.148456169832,9460724
2022-08-22,1184.427734375,1195.651309470641,1175.0672431781986,1189.1535324408326,9471680
2022-08-23,1202.6944580078125,1205.6026043151621,1177.498175517267,1178.7023711633794,9678484
2022-08-24,1199.4910888671875,1213.2366377896576,1197.4918280790341,1199.6502220452273,10369622
2022-08-25,1195.9921875,1210.0102083418858,1191.6981161929027,1203.671444195302,7871946
2022-08-26,1189.6077880859375,1204.1485194816453,1184.6095168359632,1196.4237108559755,10742038
2022-08-29,1180.36083984375,1206.4204546360302,1171.4546722003442,1174.6126958822672,19838975
2022-08-30,1198.6729736328125,1201.990130578996,1170.795826558723,1187.790261371782,23139054
2022-09-01,1163.4346923828125,1183.6780172121637,1159.0270403092493,1173.5450568236956,19909939
2022-09-02,1149.8482666015625,1170.2278880627014,1147.6671567250864,1163.4346809089884,12999345
2022-09-05,1167.7059326171875,1173.022349910166,1150.0753260593585,1150.0753260593585,11327815
2022-09-06,1179.9974365234375,1184.1552111927028,1168.7057123414318,1169.1601553219334,10899618
2022-09-07,1173.1361083984375,1179.1114147484413,1167.796974159679,1170.0689487334319,7488501
2022-09-08,1174.79443359375,1180.5198614611618,1168.2512248209334,1176.0894937430355,7057077
2022-09-09,1167.4788818359375,1185.9727033347192,1165.0704903678632,1185.9727033347192,8314850
2022-09-12,1180.5426025390625,1186.8814864106484,1168.04668408102,1168.04668408102,7435419
2022-09-13,1190.403076171875,1194.9243089400052,1181.8832020191865,1189.607891122723,8888657
2022-09-14,1176.135009765625,1185.9726599528265,1169.046493026583,1170.0688394223355,8678219
2022-09-15,1164.4798583984375,1183.041828116281,1161.776157155841,1173.7040529111878,10365600
2022-09-16,1135.625732421875,1160.0722649582217,1131.899684568862,1155.8690579820689,20217708
2022-09-19,1137.1025390625,1146.3040180403946,1127.5147655140897,1135.6257495827476,7580254
2022-09-20,1137.2841796875,1153.119972213298,1133.5808482063046,1146.1903481529216,8411448
2022-09-21,1140.4195556640625,1150.9842421176709,1133.7172134827065,1134.512398474311,9207309
2022-09-22,1129.673095703125,1137.3523524884633,1123.3116153435435,1129.6276634257686,10308170
2022-09-23,1108.498291015625,1134.1488981287762,1106.9533532004177,1129.1733426023927,9528051
2022-09-26,1080.2576904296875,1098.6380535950418,1079.2580600172903,1087.8460835662881,12479523
2022-09-27,1088.8455810546875,1102.3638454814661,1072.4191704410875,1087.8231145473603,16154822
2022-09-28,1059.8551025390625,1080.5528678614462,1057.4241154049128,1072.5327497220442,16997059
2022-09-29,1056.606201171875,1075.7816245647894,1051.017070236145,1072.373723430393,14671827
2022-09-30,1080.439453125,1091.4584634929545,1050.1084789606275,1050.1084789606275,18613024
2022-10-03,1076.690673828125,1098.2516553264609,1073.7370949613044,1086.687337582096,11852723
2022-10-04,1096.5477294921875,1098.7288394831442,1086.0739063841288,1089.5500767240444,8948850
2022-10-06,1100.591552734375,1113.2691990866022,1098.7967377192742,1103.726980263936,13352162
2022-10-07,1105.2493896484375,1110.4976589700225,1097.2065545320427,1097.2065545320427,7714340
2022-10-10,1093.1851806640625,1098.547030597458,1085.0969133921378,1092.8216022630288,6329527
2022-10-11,1071.4195556640625,1096.911150105876,1068.329679997323,1096.911150105876,9215177
2022-10-12,1079.3033447265625,1082.2342073300697,1064.6944639855953,1068.7386577474495,7417103
2022-10-13,1082.7340087890625,1087.8231445652352,1072.419200033899,1077.5538882747444,7328492
2022-10-14,1077.2357177734375,1097.9789154976827,1076.508681223135,1097.3654596284905,9106089
2022-10-17,1094.525634765625,1096.9111900194368,1064.9218171343564,1070.1019383497958,16729355
2022-10-18,1113.83740234375,1119.1765361724479,1099.7056807153497,1100.5462980220425,12415820
2022-10-19,1133.2174072265625,1148.6441893082867,1109.497912475689,1115.3142054707246,19247142
2022-10-20,1136.2618408203125,1144.6227018334394,1129.173323936751,1129.173323936751,8717053
2022-10-21,1123.0843505859375,1143.6231056125362,1120.9942254138175,1139.4880471639096,8243452
2022-10-24,1126.833251953125,1137.1253468610732,1115.6779436571644,1117.8135013678584,3370033
2022-10-25,1109.4298095703125,1135.5348605120162,1107.8167232856267,1135.5348605120162,12233241
2022-10-27,1113.7918701171875,1121.6529753517277,1105.4537260220727,1116.90446154382,12513059
2022-10-28,1147.871826171875,1151.8931840194223,1117.5635667319068,1120.0854189154575,17609592
2022-10-31,1158.5272216796875,1163.6846262416873,1150.62068370947,1154.6194450652783,12419943
2022-11-01,1149.5528564453125,1181.428644108962,1139.6243422706675,1181.428644108962,13963166
2022-11-02,1156.7322998046875,1158.7998289194838,1142.8051438822936,1150.666129478395,8981896
2022-11-03,1161.0491943359375,1163.0485752218901,1147.3719146666933,1149.5530246719463,6693449
2022-11-04,1178.1343994140625,1181.428720196316,1159.2088516372303,1160.4810755593053,12575815
2022-11-07,1184.427734375,1186.1090891689403,1169.6145286927685,1177.3392175630618,11789748
2022-11-09,1183.246337890625,1191.4027533204435,1176.9074538352093,1186.1090519678319,11254205
2022-11-10,1168.9329833984375,1179.8611290593667,1164.616195791804,1176.8848340514855,5966242
2022-11-11,1195.8785400390625,1197.7869359415272,1175.9759587388326,1181.4286729917058,12310132
2022-11-14,1190.0850830078125,1200.5134736804264,1183.7689145270133,1195.4015009715274,9043112
2022-11-15,1184.745849609375,1193.4247362453084,1176.8847439241665,1191.5617725862496,7086433
2022-11-16,1177.95263671875,1188.6763362500183,1172.954245151571,1185.972635134196,9716161
2022-11-17,1180.9970703125,1187.3358341262497,1172.3407797375921,1174.5900378958909,6661451
2022-11-18,1180.36083984375,1185.518244075579,1168.2966485184213,1184.4957775689334,5303197
2022-11-21,1159.1180419921875,1175.9760614312995,1155.5737233322704,1175.9760614312995,6390268
2022-11-22,1165.547607421875,1167.1152613187112,1152.5746494360667,1156.4369938334312,6611488
2022-11-23,1161.9124755859375,1171.3866679891707,1159.7313656787815,1170.0688915510787,6413408
2022-11-24,1171.931884765625,1178.702375351731,1157.8910283853108,1165.9792953074673,9389439
2022-11-25,1189.4261474609375,1192.7431844497548,1173.295044904841,1176.430472976704,7349922
2022-11-28,1230.2991943359375,1236.4335137804842,1136.8981171457083,1185.4730378039467,31527484
2022-11-29,1232.4119873046875,1241.2500078770877,1224.1419904117938,1228.6632233258865,11058913
2022-11-30,1241.1136474609375,1247.5206802015884,1226.0504438987869,1232.54834119291,26164986
2022-12-01,1237.455810546875,1251.8601266305577,1234.1387734132652,1245.862104269674,9485801
2022-12-02,1236.93310546875,1248.6792715763747,1227.1408877532265,1240.5001400003844,11589592
2022-12-05,1218.893798828125,1234.4795955595694,1216.8718218980066,1232.3212015923184,14828536
2022-12-06,1222.4151611328125,1225.5050364637573,1209.146773966004,1211.0098577338963,8594245
2022-12-07,1204.375732421875,1224.5963402295367,1200.5815364526634,1220.0523915216042,8462111
2022-12-08,1203.8077392578125,1210.9645247591304,1199.6500849785011,1208.6925503476532,7757008
2022-12-09,1185.563720703125,1208.6924740397408,1182.2692798901842,1202.330873974504,12655763
2022-12-12,1187.38134765625,1191.8798642806923,1174.6128344148897,1174.8401159938364,9479842
2022-12-13,1192.7886962890625,1196.4237590933476,1184.473147579326,1187.381293975718,8333348
2022-12-14,1188.471923828125,1199.127475241392,1186.4271108317469,1198.5367354613884,7268947
2022-12-15,1171.591064453125,1188.244637773301,1168.2513114103942,1182.564761948623,8688551
2022-12-16,1165.797607421875,1189.9715469866571,1162.4124217557498,1168.2514313366491,15837349
2022-12-19,1181.1107177734375,1183.2463953663826,1166.2973916450521,1172.7952889779006,7729933
2022-12-20,1191.334716796875,1193.2431129001116,1165.9794185762812,1174.1131186326063,7467588
2022-12-21,1174.3856201171875,1196.4237592798247,1170.5687080191292,1190.9710448813423,8527550
2022-12-22,1171.3411865234375,1183.541675654874,1166.3200787009303,1180.5199485444361,7451122
2022-12-23,1136.9888916015625,1177.112082738486,1132.4676588679463,1164.7524600759673,10257115
2022-12-26,1146.9173583984375,1155.0737739248264,1132.5357596211306,1142.6915558359974,5990242
2022-12-27,1156.3006591796875,1158.1636228081527,1142.9186909584178,1149.6210331376262,5763271
2022-12-28,1156.1871337890625,1158.6181211536698,1145.7587436629801,1153.2562711921107,7459393
2022-12-29,1155.66455078125,1158.209118855438,1147.5762834083114,1148.2578877514563,6930648
2022-12-30,1157.4365234375,1170.9775038842033,1154.6647942823151,1156.4823255378853,7289476
2023-01-02,1170.477783203125,1171.88642405352,1157.8910002870925,1158.708901395193,5316175
2023-01-03,1161.9124755859375,1169.160125804233,1157.7093889350726,1165.5476587645308,7658932
2023-01-04,1144.418212890625,1163.7300547153022,1142.3506838068283,1161.8896870062515,9264891
2023-01-05,1142.37353515625,1152.5293324862785,1137.806869836127,1146.6676067944138,13637099
2023-01-06,1152.7564697265625,1157.777577935928,1144.3047436595773,1148.0989399434065,6349597
2023-01-09,1179.974609375,1182.3375684218504,1155.687212453628,1156.5732620005954,10722753
2023-01-10,1162.5260009765625,1184.1552520379166,1156.8915568565494,1184.1552520379166,8047142
2023-01-11,1147.871826171875,1162.3442913861395,1145.5770152034006,1159.8451553432185,11509553
2023-01-12,1123.0843505859375,1150.7570549852321,1120.0853394706564,1147.2810049505638,17688773
2023-01-13,1121.266845703125,1123.675117069892,1106.2717897707075,1117.0863548772086,20618583
2023-01-16,1110.5885009765625,1126.7421991055548,1102.8182596793808,1123.584175159578,13623855
2023-01-17,1126.3560791015625,1128.2644751675343,1113.5421334042796,1116.9046027544262,10751000
2023-01-18,1124.492919921875,1131.9450149571076,1117.9724269094495,1123.947732620178,13448286
2023-01-19,1123.2889404296875,1127.4238787769261,1116.2911675478767,1123.6751148013898,11940054
2023-01-20,1109.9296875,1124.6293134044963,1107.475983857866,1124.6293134044963,14930286
2023-01-23,1104.3177490234375,1120.6305800710875,1101.9094778576764,1112.8150268033937,10954118
2023-01-24,1097.7972412109375,1110.3839043654414,1084.8014472016187,1108.7253859560433,16488755
2023-01-25,1082.620361328125,1097.2292417944516,1081.4617181061994,1096.2068953996695,12385018
2023-01-27,1062.0816650390625,1084.8014072954272,1050.403647808396,1083.4610350495245,25830975
2023-01-30,1072.2603759765625,1077.7812395145372,1045.564583725004,1059.5145777715713,21772103
2023-01-31,1069.5792236328125,1084.9378563899695,1063.7402148448057,1082.370452122445,22691594
2023-02-01,1063.240478515625,1081.438989315294,1047.3819702702858,1081.438989315294,19347800
2023-02-02,1057.35595703125,1066.920892525141,1050.1083077780725,1053.2890475640809,13662663
2023-02-03,1058.28759765625,1067.3754956611733,1041.9293331709027,1067.3754956611733,24699575
2023-02-06,1050.3128662109375,1054.6523697762398,1047.7455820077842,1051.9259524136774,14837879
2023-02-07,1047.791015625,1057.560517598404,1041.9292904027159,1050.5628652677376,15135435
2023-02-08,1068.7159423828125,1072.3284093286718,1048.290888887822,1051.017186057536,21160332
2023-02-09,1070.578857421875,1077.3039157739506,1060.559478401166,1069.3974980927496,13172763
2023-02-10,1061.763671875,1070.0563840638993,1054.7886158361225,1070.0563840638993,10790445
2023-02-13,1055.72021484375,1067.8298390073717,1051.267130813873,1063.3767549774948,10352493
2023-02-14,1080.598388671875,1082.3250555378218,1055.8565481440585,1058.7192622894795,14321920
2023-02-15,1105.0675048828125,1107.4531801088635,1078.2809718116707,1079.6440602664363,33503591
2023-02-16,1104.2042236328125,1119.5401413378127,1101.9322491792432,1113.019527781497,17264487
2023-02-17,1108.8162841796875,1112.1334412904273,1095.3661670147737,1099.6375221146495,11809520
2023-02-20,1097.093017578125,1113.1558521216361,1095.1390690194628,1110.9974583087273,8836937
2023-02-21,1106.0445556640625,1111.8152960708703,1096.161352929149,1101.4551746278107,13311592
2023-02-22,1080.9619140625,1104.1815344089787,1079.212530949885,1102.3412867389513,11024335
2023-02-23,1075.78173828125,1088.1640768500556,1072.9872927091903,1080.5529686414243,9851910
2023-02-24,1083.1429443359375,1088.800224148405,1076.0089953829322,1077.8265267799054,9434053
2023-02-27,1075.9407958984375,1085.8467152410444,1068.6024012348664,1082.3705449963543,11199715
2023-02-28,1055.356689453125,1075.55458156191,1051.3126158801917,1070.6016220746747,21994038
2023-03-01,1065.0579833984375,1065.7850199744744,1055.6746563210354,1065.1034156724897,11551145
2023-03-02,1056.947021484375,1068.5796069332716,1054.9249246750653,1061.9226969308686,9333535
2023-03-03,1083.9154052734375,1087.5733043694927,1063.9902277008234,1067.443561368033,14643807
2023-03-06,1094.5028076171875,1101.7277412564927,1090.5495987349282,1090.5495987349282,10171916
2023-03-08,1098.433349609375,1099.1831022898903,1083.7336057675889,1094.5027369272827,15782657
2023-03-09,1072.032958984375,1098.2288726400263,1070.147279158801,1097.8199821583767,16235128
2023-03-10,1055.4248046875,1065.1034417835135,1051.9486346812796,1063.967514713159,13334091
2023-03-13,1038.06689453125,1065.1034247048499,1033.750107312473,1058.287501818403,12771592
2023-03-14,1034.181884765625,1047.3592882483779,1031.0465769110588,1036.0221323528851,16027522
2023-03-15,1016.5057983398438,1044.3375136051593,1012.120862693993,1037.8851690827282,21728555
2023-03-16,1011.4392700195312,1024.2077825786946,1000.6701381392561,1019.2095111682803,18363159
2023-03-17,1010.1671142578125,1023.2763697645565,1005.4413760837782,1020.0047649704466,34014213
2023-03-20,1000.2384643554688,1008.7583980790381,990.5825434751304,1006.4864237654998,19524589
2023-03-21,1031.3416748046875,1033.2956228733447,1007.3950238049272,1008.2810732090079,21400360
2023-03-22,1034.477294921875,1041.2250703817986,1031.4782836063534,1038.2942074878824,10920094
2023-03-23,1021.3906860351562,1031.4327819622354,1019.2322922558061,1030.5694484887376,16249370
2023-03-24,1001.169921875,1022.3902191400674,998.7616507955307,1020.231825565924,12375945
2023-03-27,1016.73291015625,1024.2077208751948,999.7613122149304,1007.6223573447278,14054323
2023-03-28,1021.4815673828125,1025.3439120336418,1016.4831753805086,1020.1183586375283,12576424
2023-03-29,1015.43798828125,1020.0273690208079,1004.7142290356181,1017.391816410892,18804065
2023-03-31,1059.2191162109375,1064.8536804760474,1024.5260415402947,1024.6623383806666,28171201
2023-04-03,1059.40087890625,1067.3755664241319,1051.9260666767912,1065.5580347791372,10293043
2023-04-05,1056.856201171875,1066.9210129823457,1048.995215362799,1066.9210129823457,16262928
2023-04-06,1063.9447021484375,1069.6474143387793,1053.3572991214214,1053.3572991214214,18435046
2023-04-10,1056.4017333984375,1068.0116029231133,1054.9022279148219,1067.829873819937,12961408
2023-04-11,1061.627197265625,1063.740158486156,1056.038186474049,1060.559418682963,10542367
2023-04-12,1066.3076171875,1075.9179854968688,1058.7646577412916,1061.6272515959452,18179087
2023-04-13,1070.3291015625,1075.0093475188144,1064.1947822733791,1069.1930541875877,12378208
2023-04-17,1075.759033203125,1101.8867990924884,1067.3981721567704,1101.8867990924884,17929479
2023-04-18,1063.44482421875,1080.098395721067,1056.9242116194696,1080.098395721067,10405576
2023-04-19,1068.7386474609375,1071.4195123263064,1059.741614492453,1062.8542061722762,12273475
2023-04-20,1066.034912109375,1071.9193532094926,1059.6961482625013,1069.692811176778,7007330
2023-04-21,1067.37548828125,1072.8282030082607,1061.6500596936005,1068.1252410633845,7647317
2023-04-24,1071.465087890625,1081.8706418346944,1066.9210188410907,1079.1897769115358,12936186
2023-04-25,1079.666748046875,1081.7342770992536,1068.0569991057368,1075.1000833366595,9236126
2023-04-26,1073.3280029296875,1084.233551809527,1069.6701038322165,1081.0072593250222,8617834
2023-04-27,1080.1212158203125,1083.2792397187284,1074.191342363561,1079.189733985385,9167125
2023-04-28,1099.86474609375,1101.4098041424304,1082.256973708253,1082.3705544049471,15565210
2023-05-02,1109.2025146484375,1111.3609082117491,1103.3180737047812,1106.9986888116582,12981805
2023-05-03,1099.6829833984375,1110.9974233118683,1096.4795270846325,1110.9974233118683,7061872
2023-05-04,1112.360595703125,1114.564421653396,1097.1838117593734,1100.1601065895743,8635233
2023-05-05,1109.5206298828125,1118.4267984938415,1106.9079133744922,1109.1798878043744,8746585
2023-05-08,1123.220703125,1128.5598368262858,1110.6112034431017,1113.269352129285,9153782
2023-05-09,1126.69677734375,1129.9912183396398,1119.290114376559,1124.6292481933926,6464721
2023-05-10,1134.4443359375,1135.9211253467272,1127.446563252221,1131.4453248412979,10872255
2023-05-11,1127.0377197265625,1140.3059886325332,1125.3336486663607,1135.5121619830659,10557860
2023-05-12,1128.8779296875,1130.2638545526538,1116.2229969798393,1122.2664514997994,6955341
2023-05-15,1131.1044921875,1138.0567125858797,1123.7886933664054,1131.3999221918086,6833343
2023-05-16,1114.99609375,1135.8073202110538,1113.3374551908087,1133.2627523170945,8717229
2023-05-17,1108.4072265625,1120.085122625347,1103.726981683513,1119.176357049332,8798967
2023-05-18,1106.0218505859375,1116.4502407386783,1102.8864225456616,1113.0649351771951,10525531
2023-05-19,1109.6114501953125,1111.4291017814717,1099.1149119209986,1106.0218196807168,8050447
2023-05-22,1115.541259765625,1120.539651102296,1105.2492875108546,1106.4533629289124,7434906
2023-05-23,1115.3369140625,1121.4485168171577,1113.9282731003457,1118.1087637100431,6092034
2023-05-24,1108.8389892578125,1119.630957590089,1105.749113749558,1111.4063935962217,8112254
2023-05-25,1108.7027587890625,1112.8151011277312,1097.8427615845399,1105.9537453747698,11487863
2023-05-26,1138.94287109375,1140.0787982471202,1113.6102893364032,1116.904610291511,12626260
2023-05-29,1145.349609375,1149.6209640491697,1139.260723455887,1145.5313384612555,10010304
2023-05-30,1145.054443359375,1153.1199946776444,1142.509755067562,1145.349753161613,11342504
2023-05-31,1122.311767578125,1140.4649655887667,1118.267694287889,1135.9891655098565,27107927
2023-06-01,1119.2901611328125,1129.1279320638168,1116.9046059479208,1126.969538270473,14592692
2023-06-02,1115.63232421875,1128.196393125224,1113.723928040502,1122.811826505655,15800644
2023-06-05,1125.6517333984375,1128.6053121788445,1117.1090229973545,1121.085068396339,10908682
2023-06-06,1126.6058349609375,1130.4000307352399,1118.7221336360576,1128.4689187387335,7493309
2023-06-07,1135.1485595703125,1135.989176828128,1123.5386905370437,1130.0820196952836,10312545
2023-06-08,1135.830078125,1143.6457515710592,1131.899585359948,1138.7155083681228,12071109
2023-06-09,1127.787353515625,1139.874261684162,1125.9924180855612,1139.1699412328312,5877018
2023-06-12,1128.787109375,1131.0818000837537,1120.085385478967,1124.8566162073034,6391969
2023-06-13,1145.4632568359375,1146.6447363478687,1129.7411659431393,1133.7172110839526,11248016
2023-06-14,1159.549560546875,1160.9809175855808,1143.7138887627082,1145.5314201372407,13277380
2023-06-15,1159.86767578125,1164.4116242878063,1152.1201510303479,1159.5268135380984,11813494
2023-06-16,1171.1595458984375,1173.431520437393,1163.3438717544047,1163.3438717544047,24171579
2023-06-19,1159.52685546875,1174.1584519189826,1155.3692013285906,1174.1584519189826,6798554
2023-06-20,1161.9351806640625,1165.070488566,1151.893084884151,1157.5957972211602,6921096
2023-06-21,1165.206787109375,1167.7286388194623,1157.8001247424693,1161.889630244124,6961603
2023-06-22,1152.1202392578125,1169.296404389101,1150.52986917785,1161.4354185434336,7619166
2023-06-23,1142.691650390625,1151.1660925456156,1141.4420223330224,1149.1212794125972,6628570
2023-06-26,1133.967041015625,1142.9867893628173,1130.8544495978458,1139.1698775330913,12641159
2023-06-27,1134.376220703125,1140.305974461151,1129.9231362063101,1134.4216529822017,9689466
2023-06-28,1149.3939208984375,1153.1881169201986,1135.0122016455275,1141.896393407388,11354006
2023-06-30,1158.822509765625,1161.7306560822208,1151.1886857801614,1157.0731268247234,11151555
2023-07-03,1188.562744140625,1191.4254581907599,1161.1399194836954,1162.3668312740965,12154387
2023-07-04,1176.3167724609375,1192.788615416969,1169.2735683249591,1192.788615416969,8061643
2023-07-05,1174.3856201171875,1185.5183304828597,1170.432411192628,1185.5183304828597,10248062
2023-07-06,1199.03662109375,1201.6266214253383,1170.546016490242,1170.546016490242,19117987
2023-07-07,1196.6964111328125,1210.9417123971473,1194.15172307179,1197.3325831480681,13375267
2023-07-10,1242.794921875,1252.3145466417043,1215.5085119378625,1221.8245601360636,33240016
2023-07-11,1256.2677001953125,1258.6759714064597,1243.9536302912918,1250.9058502676546,20069348
2023-07-12,1257.6536865234375,1273.2167658916628,1254.8818367760516,1256.9947982953927,18733835
2023-07-13,1246.4072265625,1271.8533855353082,1243.7945103332902,1264.9920307015198,14682934
2023-07-14,1245.3623046875,1254.5410670168455,1238.2736675009803,1249.5881074417618,15124144
2023-07-17,1270.808349609375,1279.14649384844,1239.5913298768542,1248.2249040830484,22220040
2023-07-18,1281.600341796875,1289.3250310279557,1269.127138140066,1280.0326878114854,25867313
2023-07-19,1291.3243408203125,1297.7540895736324,1270.944719940005,1285.9397747939042,39122156
2023-07-20,1289.7603759765625,1295.2248684894755,1270.142048583782,1270.142048583782,38717624
2023-07-21,1249.834716796875,1287.3235564344566,1242.3763715855305,1284.4190157057792,30249238
2023-07-24,1224.554931640625,1238.1179088392782,1215.6443158350814,1221.4042392370138,23727866
2023-07-25,1223.767333984375,1233.3179681079685,1220.9119513502328,1227.8041962368873,12026020
2023-07-26,1243.65625,1253.8961800235134,1223.3733833366434,1223.3733833366434,12911012
2023-07-27,1232.087158203125,1249.2931304965796,1226.0072859774648,1247.5209111436616,17226898
2023-07-28,1244.46875,1251.853298343,1231.0288479774965,1236.6903350404634,20827852
2023-07-31,1255.00390625,1257.2930680054526,1239.594792375287,1244.4686660676819,8551174
2023-08-01,1237.25634765625,1259.803857697837,1233.3672005487501,1257.8346449464532,9536632
2023-08-02,1224.0382080078125,1236.665738028631,1212.838309305523,1235.2872649193357,12748214
2023-08-03,1218.8935546875,1231.2011357970357,1210.1060138900245,1218.5982448556042,10168350
2023-08-04,1235.4593505859375,1238.6346817533063,1216.77647074002,1230.1670919099247,22885610
2023-08-07,1242.49951171875,1244.7393951840495,1233.2195480808575,1241.0963994857652,5982870
2023-08-08,1235.016357421875,1247.7178038434138,1230.536470478926,1244.5424722858313,9844072
2023-08-09,1243.1639404296875,1245.034716513302,1221.453442754676,1233.1456430382627,11486586
2023-08-10,1248.7025146484375,1255.3732475116944,1234.9180240875248,1243.041027453777,15470598
2023-08-11,1253.969970703125,1259.7300139419374,1236.837916549459,1246.733138146324,22179330
2023-08-14,1268.7884521484375,1271.2746074053628,1243.0656093412765,1249.9578543039606,9575812
2023-08-16,1267.754638671875,1271.5208305674453,1255.865563518659,1255.865563518659,10203112
2023-08-17,1249.4654541015625,1269.2068594315797,1246.930140835009,1263.791524524126,13673744
2023-08-18,1258.7208251953125,1268.960755625946,1234.9671961841154,1246.142454602955,18639978
2023-08-21,1244.986328125,1262.5000997685252,1242.8371963360953,1254.8424457661688,9221746
2023-08-22,1244.68994140625,1253.8544488619668,1234.6115281978846,1243.4548358358238,7713044
2023-08-23,1246.0732421875,1256.2752862282496,1243.4795205761563,1247.061326610869,9517952
2023-08-24,1225.1259765625,1254.8178429548684,1220.778380707161,1254.8178429548684,14140020
2023-08-25,1219.46923828125,1237.5758385308063,1206.7476503203045,1213.3677682361918,22222400
2023-08-28,1207.3155517578125,1227.2007490808824,1201.0659665597248,1221.2722430466752,12580826
2023-08-29,1195.755126953125,1212.107851949824,1189.7277154191993,1211.4162410930335,16876644
2023-08-30,1194.618896484375,1206.9452265993075,1193.1120434864215,1201.5107618049594,12168946
2023-08-31,1189.15966796875,1198.0524282609965,1185.651919829385,1197.0643437840804,21638600
2023-09-01,1191.9508056640625,1198.3733539411996,1186.5163417372542,1188.937220765019,18112842
2023-09-04,1190.987548828125,1197.3853714174265,1188.3197691016735,1191.950907028467,9347626
2023-09-05,1197.36083984375,1202.4741047382813,1191.852196412095,1195.5822395056102,8675876
2023-09-06,1199.88037109375,1203.5609616798479,1194.2236115362405,1196.125722417537,8200370
2023-09-07,1201.5106201171875,1204.5983838407617,1191.1357340059783,1196.421961377583,13652572
2023-09-08,1209.51416015625,1213.3677136631895,1197.039593881822,1205.463038004146,23109288
2023-09-11,1222.556884765625,1223.668479723262,1211.391482722607,1211.391482722607,13271074
2023-09-12,1204.8948974609375,1226.7068128830886,1203.462102676104,1226.7068128830886,16255666
2023-09-13,1210.9222412109375,1216.653058753229,1198.6699696902265,1205.4630504045967,12803338
2023-09-14,1212.03369140625,1218.2092185904667,1207.933117232777,1215.3437498538372,9209636
2023-09-15,1214.2816162109375,1219.2960960745,1210.1563157757241,1219.2960960745,25468592
2023-09-18,1203.709228515625,1210.8975674516837,1201.535490839137,1205.487828880595,7516300
2023-09-20,1176.8826904296875,1199.3370070481767,1163.4694916701224,1197.089090701199,57081884
2023-09-21,1168.31103515625,1180.8103271156433,1165.9396084396587,1173.3255153106452,12226182
2023-09-22,1163.4447021484375,1177.0308632017375,1160.9992172819989,1173.8443150051187,19176786
2023-09-25,1156.2811279296875,1166.2854832156668,1153.638074334712,1161.1968240581607,14254884
2023-09-26,1157.2939453125,1161.0980464311394,1153.8851021083722,1155.342502590839,10087782
2023-09-27,1170.336669921875,1171.769464855697,1155.3178333556975,1157.7880446735417,11722778
2023-09-28,1153.14404296875,1177.3026603074284,1148.6482103293206,1177.3026603074284,14518346
2023-09-29,1158.529052734375,1170.435518964013,1153.1440405649926,1156.9481416896208,12342014
2023-10-03,1145.263916015625,1153.885049186791,1144.2017734963838,1151.0936382938999,8859056
2023-10-04,1143.2877197265625,1145.683872665596,1133.8763122199225,1140.7434506187415,10286386
2023-10-05,1143.26318359375,1150.8219332922222,1140.743519950406,1145.8074528562056,10953682
2023-10-06,1145.1898193359375,1148.5493304183171,1142.2502923697696,1144.7205033692,5431026
2023-10-09,1135.4324951171875,1142.200849187487,1133.826857954507,1140.2988590719287,7576878
2023-10-10,1140.447021484375,1145.1404226117538,1138.1497733893898,1139.5331157395624,10236032
2023-10-11,1158.5537109375,1160.8509589721596,1142.7196339530417,1143.4359710357805,9814118
2023-10-12,1160.7027587890625,1165.6185754357678,1155.1447837404767,1157.9609209243824,12554450
2023-10-13,1160.6534423828125,1164.7045645712087,1150.6984190160554,1156.058825491677,10150316
2023-10-16,1158.0596923828125,1163.2471357038708,1154.0826283801794,1158.5290083696577,5929036
2023-10-17,1163.5928955078125,1165.791359182136,1156.701030917525,1163.9634271590728,7928180
2023-10-18,1148.1541748046875,1169.3979912920374,1146.6720480730119,1163.5929949263082,8918320
2023-10-19,1139.33544921875,1147.0672825471008,1136.7911799610206,1142.2256445327594,12032556
2023-10-20,1135.8525390625,1143.559525479833,1134.4691966955595,1136.2971288231192,8913312
2023-10-23,1118.1163330078125,1139.3848747937852,1114.1887214650121,1131.356688684127,7853962
2023-10-25,1115.522705078125,1127.009187707913,1108.1367973597628,1111.6198194416302,11620688
2023-10-26,1099.98486328125,1115.5471912369471,1096.9218260289952,1112.0888961356811,15222534
2023-10-27,1119.40087890625,1123.204979852311,1104.6536704890175,1106.654565590137,11771084
2023-10-30,1142.47265625,1148.6481841216216,1121.4511352518443,1123.4520304054054,16813304
2023-10-31,1130.3192138671875,1150.1303563093797,1127.8490026208185,1150.1303563093797,12808438
2023-11-01,1135.0125732421875,1144.9428703315039,1124.0448598372486,1130.9367248364767,10309190
2023-11-02,1146.2767333984375,1148.302354744411,1140.2247162104195,1143.1889695269997,10562104
2023-11-03,1146.0296630859375,1153.5638066087804,1144.078220526126,1149.7349795725816,8850156
2023-11-06,1155.564697265625,1156.0587394619763,1148.9445800808262,1152.2546386732256,10647304
2023-11-07,1148.0552978515625,1155.614167696399,1145.9556184844287,1153.1192304428853,6960204
2023-11-08,1154.033203125,1156.552866758098,1147.042553778562,1152.1064866637696,7884494
2023-11-09,1141.50927734375,1154.0331752710283,1138.3720609954937,1154.0085696526105,14513610
2023-11-10,1143.6583251953125,1144.3747829309668,1135.3337858785344,1139.039102652828,7734954
2023-11-13,1143.51025390625,1148.4506764659145,1142.0774589944763,1147.6107081381433,3854810
2023-11-15,1164.185791015625,1166.9030232858888,1149.6362714370953,1156.0588204395372,12220648
2023-11-16,1166.285400390625,1172.9302438744137,1159.4923201233041,1161.542667627995,13134910
2023-11-17,1163.7412109375,1172.4857343750468,1162.012063114762,1162.4319266451018,7758634
2023-11-20,1160.6781005859375,1165.1490860409533,1154.2801575494677,1160.2828426994563,4490186
2023-11-21,1175.2769775390625,1179.7728099438689,1166.0384122376151,1168.9038812090425,8214450
2023-11-22,1179.87158203125,1182.9593458443583,1171.9669066696931,1173.3502489811203,8534814
2023-11-23,1183.4781494140625,1185.7013394254852,1179.8716170501546,1179.8716170501546,8531542
2023-11-24,1182.6876220703125,1186.9858858764198,1181.2796741129466,1181.5514214570694,6749486
2023-11-28,1182.9346923828125,1185.5531403805655,1173.4738317237427,1182.6876712625676,13792174
2023-11-29,1186.047119140625,1191.605094048659,1184.7379555197092,1189.6536514263266,12531306
2023-11-30,1174.5606689453125,1186.0471507278282,1170.8306260067593,1183.0828973645985,28439984
2023-12-01,1182.88525390625,1183.9226701483003,1174.6347733568996,1174.8323419889748,14342842
2023-12-04,1195.6810302734375,1210.4035134582498,1185.0097900344595,1210.4035134582498,15590990
2023-12-05,1204.3514404296875,1205.8830195816831,1196.3973123183705,1204.9689932142376,12693624
2023-12-06,1215.8873291015625,1221.7416569101222,1202.9927791973269,1208.9707381739393,16422442
2023-12-07,1213.8863525390625,1215.813068778958,1206.4509936678744,1215.3437528349593,8142096
2023-12-08,1213.244140625,1223.5943006598802,1207.9331869400896,1217.2459307176134,10204894
2023-12-11,1215.022705078125,1219.098553135076,1211.5890153738967,1213.367615499601,7066138
2023-12-12,1197.5830078125,1217.7892853568703,1195.6561708810905,1215.3438006129375,9197124
2023-12-13,1202.4739990234375,1204.6478570918039,1188.8137803209581,1196.570218805253,10031182
2023-12-14,1217.39404296875,1222.7297228698085,1206.7721356331074,1212.3795628682321,16972354
2023-12-15,1232.9317626953125,1235.1055001292314,1220.3089603608373,1224.236571728094,15932152
2023-12-18,1245.48046875,1252.3476075388428,1230.6344755328585,1232.9318442845902,14165188
2023-12-19,1263.809326171875,1271.6150959828576,1247.5552663727806,1262.2777471951172,16820604
2023-12-20,1248.518798828125,1283.9417239360823,1244.9864450577063,1270.207325538083,17736722
2023-12-21,1266.0079345703125,1271.4176728398502,1244.1218397625619,1248.44470925444,13765454
2023-12-22,1267.2430419921875,1275.0735389423144,1258.6466348491601,1264.550535970751,16541784
2023-12-26,1273.66552734375,1280.5326657287192,1266.0819312708138,1268.7003790735205,7465664
2023-12-27,1278.01318359375,1284.4603381656593,1271.2201029702012,1275.6170305456778,9204156
2023-12-28,1287.251708984375,1290.4382571270967,1278.0131437475463,1279.4705441490948,12302636
2023-12-29,1277.0743408203125,1291.4262906293047,1274.2830506802181,1289.9936165179902,10864584
2024-01-01,1279.69287109375,1287.8940202608817,1271.2447008145452,1274.9006856426909,4030540
2024-01-02,1290.2900390625,1291.920402508132,1271.1706293129728,1277.099135940161,7448800
2024-01-03,1276.25927734375,1301.3071935056118,1273.2455715878027,1289.450180352941,9037536
2024-01-04,1282.8546142578125,1289.376067708453,1274.1842702494187,1278.5811975278393,9612778
2024-01-05,1288.3138427734375,1294.3165279752034,1283.521657474919,1285.9424160498672,8086406
2024-01-08,1278.2601318359375,1300.294341541995,1269.1696830048252,1289.4501393970402,7734652
2024-01-09,1274.8759765625,1287.8693113555237,1273.245613077726,1284.5098000629723,5403074
2024-01-10,1309.2613525390625,1313.658280108081,1272.1834593214687,1273.146817539874,11102740
2024-01-11,1343.6961669921875,1346.2651626289091,1312.6702888458758,1313.6583733689063,23725852
2024-01-12,1354.3919677734375,1356.9609630954171,1329.714583957277,1343.6960023683716,15012164
2024-01-15,1377.5133056640625,1379.8105538837538,1349.7234290591657,1358.6161895727328,8610594
2024-01-16,1358.2454833984375,1379.662260463631,1354.169635353321,1373.412554424991,9069024
2024-01-17,1345.3509521484375,1369.7567088979374,1338.879071777444,1343.3007252899447,12197382
2024-01-18,1351.6500244140625,1354.663730119792,1335.1490629645289,1335.2972997496222,10279438
2024-01-19,1351.156005859375,1359.6041759840746,1342.8067406703178,1359.6041759840746,10422704
2024-01-23,1312.7442626953125,1355.4048574857818,1306.791150318716,1355.4048574857818,20055420
2024-01-24,1327.8619384765625,1333.4199132911328,1308.1497027138623,1319.314984194113,21919128
2024-01-25,1336.9522705078125,1347.895377764627,1319.2902616038493,1326.9479158139593,11808872
2024-01-29,1430.7957763671875,1435.192704047216,1343.9678528779282,1348.241269998228,23893438
2024-01-30,1390.852294921875,1442.5784888178382,1387.690473107798,1442.5537625848374,14093978
2024-01-31,1409.6259765625,1417.1601204834947,1385.788439238697,1387.2705659116798,15130226
2024-02-01,1409.650634765625,1426.1515960154993,1401.1531330404457,1417.9011153905622,13349362
2024-02-02,1440.33056640625,1457.3256902760372,1416.0978932450594,1416.0978932450594,19652588
2024-02-05,1421.878173828125,1452.9781061073709,1414.4675408489986,1443.3442832345067,8814432
2024-02-06,1410.786865234375,1424.6693778058625,1402.906796150729,1424.6693778058625,9047984
2024-02-07,1424.9659423828125,1432.2283386037336,1412.2196294925052,1418.8151411125152,9296568
2024-02-08,1432.845947265625,1442.0845126481563,1410.515263064875,1432.7224367107362,14694634
2024-02-09,1443.34423828125,1454.4354611714164,1433.660963243804,1436.6746688077615,12556798
2024-02-12,1435.04443359375,1443.5913882496639,1425.163589047209,1443.3443671360003,6674430
2024-02-13,1447.6424560546875,1461.3768535820275,1436.6747431428453,1438.1568697691962,7715594
2024-02-14,1463.7235107421875,1465.9714268487612,1440.1329959711338,1440.1329959711338,7117888
2024-02-15,1453.076904296875,1467.0335965408115,1449.0505085860837,1465.674980481667,10006782
2024-02-16,1443.17138671875,1459.4007219371786,1441.170612214809,1458.8819534815811,9767498
2024-02-19,1456.4364013671875,1461.8708655513933,1436.2053974591388,1444.6288410678121,6729828
2024-02-20,1453.4970703125,1457.9187244624495,1444.3820146436099,1457.449408433713,7117496
2024-02-21,1450.2115478515625,1470.7884795851646,1440.1825868389801,1456.4365283424868,12720292
2024-02-22,1464.093994140625,1467.2558158327358,1440.6269906914333,1450.6560710255042,18493728
2024-02-23,1475.82763671875,1479.7059164315408,1465.6750448712426,1471.7517883622584,14438584
2024-02-26,1469.6026611328125,1476.7169415654328,1464.8352018923576,1475.753583346703,7513106
2024-02-27,1467.9476318359375,1482.0771665679397,1460.4382144226488,1465.3539102526265,10826044
2024-02-28,1438.2803955078125,1473.5056294891751,1432.8953836215212,1465.3292067243183,8647950
2024-02-29,1443.393798828125,1461.352161163495,1437.1935448412644,1447.5437052316252,23628976
2024-03-01,1474.345458984375,1482.1266237591103,1445.0734581651325,1446.061542580972,12132926
2024-03-04,1489.4384765625,1494.4282305064353,1469.503825173054,1472.7150995331629,10024420
2024-03-05,1482.32421875,1489.4384990399915,1468.3429205099196,1487.8328618357061,7107668
2024-03-06,1485.0909423828125,1491.0194491388315,1460.8828731290673,1475.654687549837,7805676
2024-03-07,1461.3028564453125,1485.1897258668157,1457.968071396935,1485.0662153094684,8315726
2024-03-11,1449.12451171875,1471.257625711574,1446.0614742974403,1471.257625711574,11277130
2024-03-12,1457.8446044921875,1470.269718687064,1447.5685016900354,1449.1246865128974,9432678
2024-03-13,1415.10986328125,1465.4279903850718,1410.7622676768488,1462.142657909758,13522134
2024-03-14,1414.418212890625,1431.2651015924712,1408.5144322207132,1422.5451836499767,18571102
2024-03-15,1401.3260498046875,1416.1473166057365,1396.0645483366263,1408.9589780840722,19223818
2024-03-18,1422.32275390625,1424.5459437848976,1399.6462653903534,1403.0798345242215,9169392
2024-03-19,1408.267333984375,1420.4701525728194,1400.3626585436627,1411.7256294896865,8275764
2024-03-20,1426.5467529296875,1427.7818583434794,1407.0568136232032,1410.9349722530521,8488806
2024-03-21,1433.685791015625,1440.5283239841642,1427.460931435626,1435.2173701383908,13006936
2024-03-22,1437.6875,1442.6031956703118,1430.1039041326171,1432.697625631682,19527608
2024-03-26,1424.3978271484375,1435.0939139473653,1421.853557874578,1427.7820647176966,11415906
2024-03-27,1475.0618896484375,1482.126717793074,1429.7582404310522,1430.7463249095808,16326644
2024-03-28,1468.145263671875,1488.0057370987279,1461.0311038405712,1475.0865810929813,21854364
2024-04-01,1467.0831298828125,1476.1734586788064,1464.8352136106084,1474.691331987126,5013880
2024-04-02,1469.2320556640625,1476.198098955644,1457.4244952875333,1466.3172549197961,8910166
2024-04-03,1454.0650634765625,1466.7619246317818,1451.397283687729,1464.4152240453116,7008292
2024-04-04,1445.4935302734375,1462.1180033355356,1432.7224901750476,1462.1180033355356,14490272
2024-04-05,1442.7020263671875,1453.274601948929,1438.6509043996564,1443.467815909923,7442298
2024-04-08,1468.2686767578125,1473.2090987059642,1443.5912932499484,1445.5427357963142,8357118
2024-04-09,1446.2098388671875,1472.0482715276003,1445.0735176190665,1471.2577557160955,7071414
2024-04-10,1461.945068359375,1469.281643980642,1448.8776750369068,1448.8776750369068,9138330
2024-04-12,1449.6680908203125,1468.7627741208264,1445.6415744118667,1458.2891033204971,15551012
2024-04-15,1447.3707275390625,1464.4646364315843,1429.0911655763507,1443.591352839028,12902062
2024-04-16,1448.2847900390625,1453.6451964542034,1433.6364862387566,1436.0325186728678,9366184
2024-04-18,1446.8765869140625,1468.2933637329888,1441.9608913302363,1446.0614655607194,19005692
2024-04-19,1452.607666015625,1456.4364932961696,1425.8306012864564,1439.4167626045175,15741778
2024-04-22,1462.2166748046875,1465.1562017707047,1450.3103301575065,1454.9048261235944,10350362
2024-04-23,1441.9364013671875,1475.7042382593086,1438.2064787775075,1461.3770126451404,14605554
2024-04-24,1432.8953857421875,1451.051437133562,1432.2283805059903,1446.0615625184662,10462776
2024-04-25,1442.5784912109375,1450.483166375014,1424.3236561270523,1425.3117405225619,15943926
2024-04-26,1435.2421875,1447.5437912682185,1432.7225237808307,1446.5062542977878,9413848
2024-04-29,1447.568359375,1450.4091019997668,1432.7223672737166,1432.7223672737166,7247974
2024-04-30,1449.519775390625,1465.4031834424802,1445.4439273514386,1450.507859763761,11474262
2024-05-02,1449.0753173828125,1459.7218309784546,1446.6791643138517,1454.460329459568,14512646
2024-05-03,1416.9130859375,1457.3750954799905,1399.275802819383,1453.4722101911175,17226958
2024-05-06,1402.610595703125,1422.841600588335,1401.1037428015688,1418.3952205864964,7394208
2024-05-07,1384.775634765625,1403.8209867220144,1375.4135586957902,1399.1028593353728,14517472
2024-05-08,1401.6473388671875,1415.8756594095175,1380.8481115524094,1380.8481115524094,9439002
2024-05-09,1377.5133056640625,1406.7853090212204,1373.4374570953444,1396.1634006300155,11009612
2024-05-10,1390.65478515625,1393.1990543318577,1371.535254832905,1380.106935558881,10505096
2024-05-13,1385.986083984375,1390.2101693574684,1367.5089520262873,1383.2195197456997,8456620
2024-05-14,1403.15380859375,1410.0703989131912,1383.3427901196658,1384.2814219881418,7188300
2024-05-15,1399.3994140625,1412.9361236084007,1396.188139403763,1403.5740469957013,5046534
2024-05-16,1408.3660888671875,1410.4904944706304,1381.3667306256436,1401.6471872524828,14711774
2024-05-17,1418.5928955078125,1420.0750222861304,1396.4104463053004,1406.093722836626,10916476
2024-05-21,1419.0128173828125,1424.6448506468714,1408.6132041549795,1408.6132041549795,11176128
2024-05-22,1443.24560546875,1451.2737917888355,1419.1610465084934,1419.1610465084934,10281604
2024-05-23,1468.3428955078125,1474.4442444107415,1437.6628261266358,1441.1705740518107,14608260
2024-05-24,1462.6119384765625,1470.7636348065282,1458.5113640783345,1465.9467233388211,7094776
2024-05-27,1448.77880859375,1467.2066075031105,1444.134859977049,1462.587264504762,6629010
2024-05-28,1438.8485107421875,1460.8828419616084,1435.4396676765145,1450.5079553599196,7820162
2024-05-29,1423.607421875,1440.6271526936466,1421.310053120064,1429.264181324664,7383556
2024-05-30,1407.8720703125,1423.2368313836507,1403.178669288835,1418.3951935729253,13206858
2024-05-31,1413.35595703125,1425.0647331073133,1405.3030450073677,1414.245257118902,31069832
2024-06-03,1492.32861328125,1496.4539141466187,1441.6152266357983,1465.3292536675044,21527942
2024-06-04,1380.625732421875,1480.1999676014107,1343.1032493273078,1480.1999676014107,36709098
2024-06-05,1403.8209228515625,1414.0970248192752,1367.6076051704213,1405.0560283617258,17464890
2024-06-06,1414.5416259765625,1426.4974232883105,1404.4137607114592,1417.9011371144834,17855722
2024-06-07,1452.4345703125,1454.4601915157414,1409.5023527154926,1411.478521453965,18558696
2024-06-10,1453.867431640625,1475.5558362929214,1450.5819785928986,1452.4346368701142,9251760
2024-06-11,1439.3179931640625,1456.1154291491666,1437.3418242246385,1451.4960860069511,11774902
2024-06-12,1445.888671875,1458.4126908916728,1437.835879864395,1440.1331280315808,10081742
2024-06-13,1447.790771484375,1454.7073627830548,1442.7021123343332,1454.4603416652449,9181160
2024-06-14,1459.9442138671875,1462.0438933040555,1439.8613252368543,1452.4841280922399,8157998
2024-06-18,1463.3778076171875,1469.6768460329972,1453.8180422457062,1469.6273935638167,7196766
2024-06-19,1441.2694091796875,1469.7756214798555,1438.650961260282,1469.7756214798555,8725874
2024-06-20,1456.14013671875,1465.181134372769,1432.8213657240578,1441.6153422433538,16113776
2024-06-21,1436.872314453125,1457.1280450509373,1423.4096642387256,1456.0659025463858,31170360
2024-06-24,1424.2989501953125,1432.2283517054532,1420.3713387903338,1428.3007403004744,8878386
2024-06-25,1436.822998046875,1438.576872033328,1423.8296636688654,1425.8058325289194,7045386
2024-06-26,1495.9844970703125,1500.875466568816,1427.905458276952,1428.8194845866847,22014882
2024-06-27,1512.3126220703125,1519.1797603831344,1488.0551018777237,1495.7127559544517,28383030
2024-06-28,1546.7474365234375,1562.1615299634889,1512.782033239127,1512.782033239127,28957336
2024-07-01,1541.5599365234375,1560.5805616644209,1537.138282854078,1543.9066370278445,7724306
2024-07-02,1546.525146484375,1554.7509013864856,1538.4475077589818,1550.7985635373939,7749246
2024-07-03,1533.927001953125,1556.2329594590622,1524.391963189475,1547.661278880494,9049620
2024-07-04,1535.5079345703125,1548.822348177101,1532.321386398175,1538.447461634288,6837176
2024-07-05,1569.695556640625,1579.4528899457323,1529.5546284867023,1535.3101717849263,12269710
2024-07-08,1581.824462890625,1589.6303543798022,1563.6684106310508,1570.0662334946016,9500806
2024-07-09,1571.3260498046875,1581.4291893561121,1561.6675000170792,1578.5637202787966,6960002
2024-07-10,1565.3480224609375,1578.4648673124634,1544.5241914718106,1575.9946562525065,7134578
2024-07-11,1561.815673828125,1585.1344421846698,1551.786592769845,1568.5840280306456,11940946
2024-07-12,1577.6990966796875,1586.023756297877,1555.7389442164904,1565.619788574804,12924784
2024-07-15,1578.1932373046875,1586.7154660951303,1566.607970695329,1585.332123675554,5329688
2024-07-16,1557.4681396484375,1580.9351457176842,1550.4280378276635,1574.5125966882063,9386838
2024-07-18,1567.7689208984375,1574.9078068261192,1539.2625884242743,1557.2210712967385,12298374
2024-07-19,1536.6195068359375,1571.0294984478235,1534.2975325767013,1567.1018870092746,13140390
2024-07-22,1482.793701171875,1519.1798633102128,1481.4103587992008,1518.9328421942273,19674376
2024-07-23,1470.1707763671875,1487.8080584659276,1445.5674511277782,1483.1146576505776,18052044
2024-07-24,1477.8778076171875,1491.5134207568017,1458.8078508242754,1467.3053526491226,11913362
2024-07-25,1474.6171875,1482.595920809754,1459.474721651074,1463.3530011800513,12519876
2024-07-26,1491.044189453125,1494.4037007697482,1472.59166375446,1474.6172851615388,9859940
2024-07-29,1501.9871826171875,1509.2990318372968,1493.7614276294273,1493.9342700426573,7538550
2024-07-30,1495.119873046875,1506.8286485865085,1492.0073831905756,1498.9486999408243,8228208
2024-07-31,1487.4869384765625,1492.4519658681731,1483.2628537354879,1486.0788700242824,10057346
2024-08-01,1497.2445068359375,1499.9122867676688,1486.3755772216791,1493.983779705346,10764222
2024-08-02,1481.4595947265625,1491.3404387261814,1475.481756476256,1487.0670219426547,10268248
2024-08-05,1430.0792236328125,1466.2184833782828,1416.1719837774867,1462.3649300475706,17046704
2024-08-06,1438.700439453125,1459.8948030686215,1434.0316438440889,1437.8111393077952,10236186
2024-08-07,1447.3707275390625,1454.954323788822,1444.0853950542364,1451.4960282823629,8174568
2024-08-08,1431.85791015625,1447.5437511456266,1428.6960880928925,1440.157843842289,12387192
2024-08-09,1456.73291015625,1458.9066476361847,1438.6509170052725,1442.603254689353,6249776
2024-08-12,1443.2208251953125,1455.4483700557605,1440.3800824499558,1452.4841167562581,8184584
2024-08-13,1446.1851806640625,1452.5582774619256,1440.6272053348387,1443.3444377180147,6265064
2024-08-14,1444.4312744140625,1454.4603560192809,1436.3783617708266,1446.1110904012166,6267466
2024-08-16,1460.58642578125,1462.7602840003062,1440.676620060605,1451.1502913945535,9416902
2024-08-19,1475.65625,1485.47150978375,1467.8238660907393,1469.8067419652286,13797742
2024-08-20,1483.1416015625,1491.0484162933285,1477.2674041310693,1484.4057091952604,8411808
2024-08-21,1485.8433837890625,1494.964564922092,1477.2426107826689,1480.464784262564,7769996
2024-08-22,1485.2979736328125,1493.6012664349316,1477.8869991875908,1490.1312336221058,10445782
2024-08-23,1487.1322021484375,1498.3849993365056,1485.5955458508122,1490.8749048344312,9249654
2024-08-26,1499.649169921875,1509.9601498448217,1490.1313888488291,1494.0723308917522,8816114
2024-08-27,1487.6031494140625,1500.516654009415,1486.6117113802566,1497.5671500638725,6251156
2024-08-28,1485.4716796875,1494.5680511870519,1480.2170096090344,1492.1142662167426,9610286
2024-08-29,1507.90283203125,1523.8401488737275,1481.2083164719252,1490.2303777286736,38335358
2024-08-30,1496.6995849609375,1526.5418444404818,1490.4534771750382,1520.865886117465,41620730
2024-09-02,1503.2679443359375,1513.7276641806195,1493.7253530981907,1497.9389648135596,11240852
2024-09-03,1496.203857421875,1509.9600595401412,1494.5927706873033,1508.2250430567562,10923800
2024-09-04,1501.5823974609375,1504.50709100704,1486.6612078847159,1487.850885016148,11983304
2024-09-05,1480.192138671875,1512.7113538076746,1474.3179410781217,1506.0439573959175,16264168
2024-09-06,1452.2830810546875,1484.182646260627,1449.110527949692,1479.721175380084,19394228
2024-09-09,1449.928466796875,1457.3395627288749,1443.1371406451965,1453.943839140462,9010298
2024-09-10,1449.011474609375,1459.446383962114,1445.0952218200862,1447.995226435091,10768260
2024-09-11,1439.072265625,1456.1745712275017,1435.1561339115874,1450.5234230036904,9760202
2024-09-12,1467.1298828125,1473.2767495080643,1433.4953029575859,1444.5250498204912,22349376
2024-09-13,1460.016357421875,1470.451266381587,1456.918113729867,1463.7590600068495,8711328
2024-09-16,1458.7523193359375,1468.2206009201684,1452.2088525514882,1464.8993077290233,5481774
2024-09-17,1459.6942138671875,1464.8248328952707,1454.0677548146177,1461.3796100548857,5935328
2024-09-18,1450.9197998046875,1469.3110219373734,1448.0447266088618,1457.413766699014,8574714
2024-09-19,1457.0916748046875,1463.8581906691413,1443.0876132109174,1453.6959512825117,16955902
2024-09-20,1473.2025146484375,1482.1997658201985,1458.7770437683578,1461.3795684407844,30897320
2024-09-23,1480.5887451171875,1488.6441789861601,1476.2015834923338,1478.2340798324108,8832314
2024-09-24,1476.6229248046875,1487.6526722077606,1475.1357678514642,1475.7554165819738,17137444
2024-09-25,1481.15869140625,1483.6869066134093,1467.5264194610884,1471.1948125268714,7069002
2024-09-26,1485.12451171875,1491.122760061236,1475.309372285805,1477.8870868947113,18818998
2024-09-27,1513.10791015625,1520.345334807694,1479.2254687210307,1486.1655345930462,20597478
2024-09-30,1463.9324951171875,1511.9181178232873,1461.7761901136828,1506.3908994638518,27008814
2024-10-01,1452.2830810546875,1475.2100841908111,1450.3002051077794,1467.9726595996829,16431642
2024-10-03,1394.928466796875,1436.9902726871705,1390.070396353704,1424.2750076222521,37757294
2024-10-04,1374.653564453125,1405.2145916660443,1369.9442340651563,1391.9046094477658,37072876
2024-10-07,1358.98876953125,1384.5431070803497,1349.7188488374588,1381.568793209071,22181340
2024-10-08,1385.3857421875,1389.004514771482,1353.4118695241307,1361.2194430814652,17020808
2024-10-09,1362.8306884765625,1388.979866453412,1360.7486928237201,1385.5594536683957,14310610
2024-10-10,1359.31103515625,1374.132983939481,1357.699948504806,1368.209166456891,22358646
2024-10-11,1360.35205078125,1371.4314188021033,1357.1050671377104,1358.2700551936466,7980122
2024-10-14,1360.7734375,1368.2587216327886,1356.5350159311083,1367.6390728953818,12221432
2024-10-15,1332.5174560546875,1359.9554295521655,1329.2208521541709,1346.8933067731043,33762794
2024-10-16,1342.4814453125,1352.3215164873245,1326.1723376036346,1328.5270030007441,20034438
2024-10-17,1344.811279296875,1356.7332239102464,1340.4737382347967,1354.0067695283685,15543660
2024-10-18,1347.66162109375,1356.70849216764,1329.840427555484,1340.5976258716714,12082452
2024-10-21,1357.4769287109375,1362.2358797577067,1346.1002013000875,1355.4197431686716,14067408
2024-10-22,1331.84814453125,1364.2186177698431,1328.749900940748,1357.4767913068545,15831960
2024-10-23,1327.064453125,1345.8521531156357,1323.5696102860716,1326.048205061888,17214742
2024-10-24,1328.3287353515625,1332.1952468902052,1311.7964576126847,1323.8424540123256,22155934
2024-10-25,1316.4808349609375,1332.8395608533488,1310.6809472586556,1331.996862815434,18597496
2024-10-28,1322.9251708984375,1341.4155124030337,1310.7800563182918,1325.552505604476,10824350
2024-10-29,1328.52685546875,1331.6994085045892,1308.995576227512,1316.728719636798,12008361
2024-10-30,1332.3935546875,1338.4413022928309,1314.0023313459362,1323.569732267355,11984423
2024-10-31,1320.64501953125,1331.5012170832633,1314.7955112005386,1328.5269031210519,9331650
2024-11-01,1327.1884765625,1330.4601492824747,1321.5868277686543,1321.6364480777281,2127335
2024-11-04,1291.0009765625,1328.52687951389,1274.0969107675833,1326.3952636738204,19796890
2024-11-05,1294.1240234375,1298.337634786513,1275.1379622128013,1281.9292880644173,16267479
2024-11-06,1314.0023193359375,1316.9271340293028,1289.0676296160968,1298.7837703539942,21625209
2024-11-07,1294.4710693359375,1312.6639327180499,1291.4471349781516,1312.6639327180499,9611974
2024-11-08,1272.7584228515625,1290.505185727704,1264.0833410989228,1286.5394340693545,19814406
2024-11-11,1261.802978515625,1274.9891511168566,1256.151830843746,1267.9994654475693,9056552
2024-11-12,1263.33984375,1278.2610337323058,1256.6476373969983,1264.6287615317467,10671091
2024-11-13,1241.3299560546875,1264.5295076822267,1238.8017408266169,1259.374078659472,14633633
2024-11-14,1256.746826171875,1261.7040163358736,1240.38809863068,1242.866693712679,12612633
2024-11-18,1249.9554443359375,1262.0014401044657,1233.24973843027,1256.7467703539512,13620611
2024-11-19,1231.0189208984375,1270.5276979121372,1224.5745744010292,1249.9553610165642,14183746
2024-11-21,1212.5286865234375,1233.299264427905,1206.8279179645579,1231.0190296194417,19433843
2024-11-22,1254.5655517578125,1257.9859641270039,1211.983221035894,1218.8737871048172,20471957
2024-11-25,1275.9805908203125,1293.2811339485756,1271.4694999174592,1278.9549045518283,28923341
2024-11-26,1284.606201171875,1286.737817131633,1273.2046638791435,1283.8626226527838,9247557
2024-11-27,1282.1275634765625,1292.6864023015983,1274.9892583407009,1282.4250432843673,9572746
2024-11-28,1259.91943359375,1285.4984608667178,1258.184417128475,1278.905374093644,15027412
2024-11-29,1281.1361083984375,1288.3736540571424,1264.3312830599236,1269.0406134614407,13202307
2024-12-02,1297.941162109375,1300.1222774340952,1266.1160245478172,1276.9722229086012,11024152
2024-12-03,1311.9698486328125,1315.4398813546288,1295.8093621182986,1305.7237413234882,16869482
2024-12-04,1297.74267578125,1317.0262168141671,1292.884726573221,1314.6467414933138,19608540
2024-12-05,1310.7305908203125,1318.5628538088617,1294.966703202915,1303.0964459866593,16858723
2024-12-06,1300.3204345703125,1312.5646685095264,1298.783657405313,1312.5646685095264,9037514
2024-12-09,1284.0609130859375,1303.7409326166044,1282.0284168341586,1291.8436769577456,14650002
2024-12-10,1273.8489990234375,1283.812998621138,1269.238788448007,1278.2113501165884,16043729
2024-12-11,1267.2559814453125,1278.9549980546296,1265.1244866020038,1273.9978081396894,11724373
2024-12-12,1252.0870361328125,1267.25596445406,1249.8066803924569,1259.1262215126183,20906813
2024-12-13,1261.951904296875,1264.2817595214547,1228.986588963027,1249.2119494931856,28630222
2024-12-16,1257.44091796875,1270.0321327010022,1255.7059013940218,1264.0835044447913,9486781
2024-12-17,1234.6376953125,1253.078416496042,1232.1591005022085,1250.2528426173371,17462791
2024-12-18,1242.5196533203125,1249.162239402372,1230.027558928225,1230.027558928225,12670179
2024-12-19,1219.914794921875,1234.2411461229626,1218.4772582835096,1228.3916379278016,14244653
2024-12-20,1194.980224609375,1228.8873545167635,1191.2127119418244,1213.5200660980383,20312896
2024-12-23,1211.834716796875,1216.6926661807136,1202.8125341694108,1204.5971709809228,10052824
2024-12-24,1212.28076171875,1222.9883400626134,1210.5457452942906,1211.834663048231,6734917
2024-12-26,1206.1339111328125,1217.1883476811242,1203.8535553911518,1213.767935093776,10016178
2024-12-27,1210.595458984375,1217.3867853075249,1206.5800865394056,1207.86900439277,7000397
2024-12-30,1200.333984375,1212.7269598518426,1197.756269680847,1205.9852538075309,8818766
2024-12-31,1205.043212890625,1208.6619856280877,1195.8229125326573,1197.6570485426987,6405475
2025-01-01,1210.7935791015625,1215.800389087432,1201.2261788160188,1204.4483521073844,5892590
2025-01-02,1231.167724609375,1233.7949384205442,1209.554328364606,1210.7936258321927,15486276
2025-01-03,1240.437744140625,1251.244443122699,1224.921714407087,1233.2498182568117,15521102
2025-01-06,1207.5714111328125,1251.1946805005002,1204.5970973122883,1243.213556672038,14816766
2025-01-07,1230.2257080078125,1233.8444805890147,1210.7935491517349,1211.5371275851955,10070505
2025-01-08,1254.664794921875,1260.167324257905,1234.6872949225542,1238.3060678446636,19346579
2025-01-09,1244.0067138671875,1258.8782824728921,1237.364128300027,1256.1518282285128,12794704
2025-01-10,1231.266845703125,1245.9896754309787,1225.4173374439545,1243.114481097643,8120332
2025-01-13,1229.234375,1234.5881643828388,1215.899582365329,1219.4687349455062,13764861
2025-01-14,1228.143798828125,1242.6187691440975,1216.742262047884,1233.4479678208604,13095266
2025-01-15,1241.478515625,1246.2374660533972,1231.2171573529768,1234.2905907014622,9578856
2025-01-16,1255.6065673828125,1264.0834104275011,1240.586378973141,1248.1212833322295,14117603
2025-01-17,1291.19921875,1314.6467509950228,1273.997794139219,1310.9288585996749,29366277
2025-01-20,1294.272705078125,1304.7324245206253,1289.1172758229052,1304.7324245206253,14040244
2025-01-21,1262.7945556640625,1301.7581181984158,1259.324522599558,1299.2795231523412,14562976
2025-01-22,1266.1654052734375,1271.9157939003728,1257.83730213362,1267.3552034506358,10273590
2025-01-23,1252.83056640625,1266.4132176584087,1250.7980702365203,1259.126173066555,8720682
2025-01-24,1235.6292724609375,1262.1006196074513,1232.8531975505623,1255.1605533566642,14235970
2025-01-27,1218.82421875,1229.8291557820492,1209.5542981292017,1228.4907387555406,9536019
2025-01-28,1223.8311767578125,1234.0925365684338,1208.0672872533735,1227.400329601704,10568025
2025-01-29,1224.921630859375,1232.1095562529247,1217.53546627882,1225.4173498520336,5928156
2025-01-30,1242.3214111328125,1246.237542749693,1221.8481926097397,1224.971246456504,9269259
2025-01-31,1254.2681884765625,1256.1519448799122,1238.306060895825,1245.09738698474,6584612
2025-02-01,1253.7724609375,1259.6715896071485,1230.374548522757,1254.2681799336815,7118453
2025-02-03,1235.232666015625,1245.2461659154887,1226.9541826685895,1240.2889757645512,9252345
2025-02-04,1274.196044921875,1277.7653184740125,1235.9265630557768,1237.3642207434832,16691069
2025-02-05,1267.2559814453125,1279.4507170461238,1265.7688244708304,1271.6679530846961,10112028
2025-02-06,1270.577392578125,1276.9721191435924,1259.4732145791813,1262.7945076095025,9956001
2025-02-07,1255.8544921875,1272.7089385364054,1251.1947819010975,1265.2236540965398,8764283
2025-02-10,1242.916259765625,1255.6562137259161,1234.8856362555493,1253.673337746878,6970972
2025-02-11,1224.2772216796875,1253.7230036544372,1219.567891058193,1253.7230036544372,8859714
2025-02-12,1206.1339111328125,1216.3952699200001,1183.1324776076385,1209.0089844264594,21131654
2025-02-13,1205.687744140625,1217.4858807075602,1201.622872489872,1206.629682868639,8511216
2025-02-14,1206.827880859375,1213.5200872227356,1195.1288642881832,1208.56289732395,10298145
2025-02-17,1214.412353515625,1216.9900679473901,1194.1869953911457,1200.7304615718228,8166683
2025-02-18,1214.908203125,1219.3696743222742,1205.6877809072391,1214.362863790828,6673250
2025-02-19,1216.9405517578125,1222.1952216847485,1207.125412159616,1209.0586678925579,6217338
2025-02-20,1222.4429931640625,1228.738599945727,1211.5371757067999,1213.4704313005311,7795582
2025-02-21,1217.634521484375,1229.3830367840985,1211.6858938870325,1218.1797397323817,6904025
2025-02-24,1204.1510009765625,1212.7764626626977,1200.1356289010387,1206.1338768607443,7172498
2025-02-25,1193.6912841796875,1210.5457292220917,1191.2126893205104,1200.6313497853835,11552182
2025-02-27,1196.7647705078125,1204.597154814102,1190.370043898487,1202.416039651657,11509215
2025-02-28,1189.82470703125,1206.9270123506615,1183.0830013175257,1191.7084634163882,23007298
2025-03-03,1161.2216796875,1196.1202465389174,1146.1022512006402,1193.6912720117396,17944938
2025-03-04,1151.9517822265625,1163.948157257321,1149.6219272411693,1152.2491409974891,11377373
2025-03-05,1165.5345458984375,1172.8712116641736,1147.0938223968292,1151.0595745918054,8664095
2025-03-06,1199.243408203125,1203.5561393973805,1175.002796955133,1186.75131332057,14468014
2025-03-07,1239.0992431640625,1244.0564330934674,1201.622838887705,1205.5885908312287,16474965
2025-03-10,1227.7967529296875,1247.2289120927182,1224.8224391488623,1234.3402190424754,11931051
2025-03-11,1236.62060546875,1238.801720552263,1219.2208210077197,1229.3830600118497,10089838
2025-03-12,1246.287109375,1252.1861167007874,1233.3487958636417,1247.2289270068015,11977555
2025-03-13,1237.215576171875,1253.326444606414,1233.2002036288977,1249.2615727756533,9505270
2025-03-17,1228.2427978515625,1246.6340190017775,1222.5420300210542,1231.5145912773855,16640917
2025-03-18,1228.2427978515625,1228.2427978515625,1228.2427978515625,1228.2427978515625,0
2025-03-19,1236.471923828125,1242.5196714129374,1228.1934407470596,1230.4241762433128,16162399
2025-03-20,1258.2835693359375,1262.1005814534499,1239.347127629136,1241.1316434245866,15971477
2025-03-21,1265.4217529296875,1270.0319634187874,1259.2252659887295,1264.0833359554676,21780769
2025-03-24,1290.9512939453125,1294.8179260458828,1273.254151243817,1279.9463572168718,20299319
2025-03-25,1274.4439697265625,1296.50346593687,1271.6183955406093,1296.50346593687,13713899
2025-03-26,1262.150146484375,1282.7224842048433,1257.8869148358597,1279.9464094999762,12074747
2025-03-27,1267.2559814453125,1273.9978081396894,1260.4151561828103,1267.2064821612498,15028056
2025-03-28,1264.1824951171875,1284.6557128160619,1258.1347478785124,1269.0405652360093,18147129
2025-04-01,1241.8751220703125,1266.9585500115554,1238.603449529153,1253.7723771839194,12099648
2025-04-02,1240.437744140625,1244.8000957785905,1233.2498182568117,1236.8685913550723,10142590
2025-04-03,1238.0086669921875,1241.08222182284,1222.4927580494818,1222.4927580494818,7434366
2025-04-04,1194.38525390625,1234.7863505024063,1182.9342181609516,1230.473619610667,17908652
2025-04-07,1155.7191162109375,1161.2216449878495,1105.304523000697,1122.5059464290011,22156106
2025-04-08,1172.0780029296875,1186.3547349162204,1153.3399207865864,1161.9653833278503,19555040
2025-04-09,1175.2010498046875,1179.613021672609,1157.9996241138485,1159.4867811653644,10223104
2025-04-11,1208.5133056640625,1212.1816988912137,1184.917153801556,1184.917153801556,11224242
2025-04-15,1229.4822998046875,1240.288998738938,1226.5079856590305,1240.288998738938,13378535
2025-04-16,1228.689208984375,1230.2754856402491,1218.477348782242,1223.5336585713449,8248464
2025-04-17,1263.5877685546875,1269.238916912585,1217.0893007676923,1229.5813957339365,15398401
2025-04-21,1284.4078369140625,1289.7616259352505,1256.1518559398821,1259.126169726638,10429964
2025-04-22,1280.144775390625,1292.7361113748846,1275.2868257139828,1288.8694787336528,13051707
2025-04-23,1288.869384765625,1294.8180126953125,1274.3944143417477,1285.8950708007812,10480888
2025-04-24,1290.4556884765625,1293.3308829080645,1279.2525115884996,1281.3345072026398,10468940
2025-04-25,1289.2659912109375,1313.85358083958,1277.071255478384,1292.3394247863746,14431012
2025-04-28,1357.0804443359375,1362.8307123815491,1308.8964585313056,1328.5269802313521,31104496
2025-04-29,1387.7156982421875,1398.8198762816546,1358.2700385179512,1359.2614765022709,32538970
2025-04-30,1392.9703369140625,1400.3070020394923,1357.2785702742715,1389.9960230274132,25480745
2025-05-02,1407.6436767578125,1414.4845019236116,1397.0352178747166,1401.8932881277126,13007841
2025-05-05,1419.0452880859375,1427.1750314493302,1414.6829365878357,1418.747808269532,12685649
2025-05-06,1408.7342529296875,1419.7391903256466,1398.5223933042987,1418.7477523435755,14084117
2025-05-07,1393.9617919921875,1412.2042749259901,1390.6899982666434,1408.7342420156256,13440169
2025-05-08,1394.9532470703125,1408.6351396947061,1386.030305191398,1392.0780527042998,16106175
2025-05-09,1365.4083251953125,1382.8577303043132,1362.731491083779,1373.637308764333,13668904
2025-05-12,1424.2005615234375,1426.6791563050656,1388.013077711669,1388.013077711669,10674081
2025-05-13,1403.57861328125,1435.304626683893,1400.3069407641844,1421.226256646525,11407896
2025-05-14,1412.204345703125,1417.6572548355593,1403.3805230837922,1407.8419941921477,5570160
2025-05-15,1441.7491455078125,1448.8875719918406,1400.6044669576877,1412.7992032271827,20177211
2025-05-16,1443.9302978515625,1448.4908883531898,1434.9082364412498,1440.757623701411,9036695
2025-05-19,1428.4638671875,1442.1456384779733,1425.886031660542,1439.667043567546,6195791
2025-05-20,1412.4024658203125,1432.6278240113834,1409.6265122020175,1425.88599760598,11270560
2025-05-21,1416.9630126953125,1423.9030780659657,1405.9580760983038,1411.708464386899,6136364
2025-05-22,1397.332763671875,1411.6094953044076,1384.9397884743898,1409.031659643212,12134466
2025-05-23,1414.5838623046875,1421.5239286750705,1394.5567410207764,1394.5567410207764,6474883
2025-05-26,1422.5152587890625,1428.6621258406371,1412.898237790455,1419.7391840414937,4842944
2025-05-27,1409.9239501953125,1424.696400543767,1401.794207036506,1413.8897021801247,12640414
2025-05-28,1400.8028564453125,1410.4197571984832,1398.621620102477,1407.9411620533203,5944611
2025-05-29,1405.660888671875,1407.842003929875,1396.5395861721686,1400.0096192804465,13771917
2025-05-30,1408.7342529296875,1418.3511529457182,1397.6300749154059,1405.8590585766528,13788484
2025-06-02,1401.5958251953125,1405.3633379328091,1383.650821945961,1400.0095486308933,8098668
2025-06-03,1393.466064453125,1414.2862617875367,1391.3840689247124,1410.1222707307113,11252626
2025-06-04,1411.3118896484375,1413.493004678654,1394.0608455067168,1402.5871874772963,8126827
2025-06-05,1430.0501708984375,1442.244785474372,1411.4110884077945,1415.7734397380668,13716817
2025-06-06,1431.140625,1439.0721282906131,1424.6962785763767,1428.6620302216834,8182161
2025-06-09,1436.3953857421875,1445.0208477095387,1432.9253528317358,1444.5251287223314,7885125
2025-06-10,1426.1834716796875,1441.4516401070769,1423.704876838395,1437.5850079496329,7913181
2025-06-11,1436.4945068359375,1456.0257865422643,1430.7441181682645,1433.4210733170682,8195700
2025-06-12,1429.2569580078125,1444.5251270006308,1422.1186530105915,1441.055094094315,8828114
2025-06-13,1415.67431640625,1423.2092208521976,1402.1907840779525,1411.8076840776937,9757276
2025-06-16,1425.489501953125,1430.050092219024,1412.204209506703,1414.6828043278585,8458093
2025-06-17,1418.9459228515625,1435.602128554236,1413.5922548276174,1435.602128554236,10366599
2025-06-18,1417.85546875,1430.4468040463896,1413.4931173168031,1417.7563491543892,6681735
2025-06-19,1421.028076171875,1427.5715425014369,1413.4930508573852,1417.8554020854735,10007230
2025-06-20,1453.6463623046875,1458.4053131642288,1415.8725983169522,1418.7477927518771,29010635
2025-06-23,1444.326904296875,1451.266970188698,1429.6535737155343,1440.5593915455418,5989078
2025-06-24,1438.378173828125,1462.3709229333156,1430.7440292763747,1452.4565437947847,16402744
2025-06-25,1454.737060546875,1459.7933702625824,1447.9952335758323,1451.4652666586912,7525851
2025-06-26,1482.4971923828125,1485.9672251547677,1452.55569413543,1456.5214458748073,14657893
2025-06-27,1502.425048828125,1508.9685148979506,1484.0834473001275,1486.5620421012081,11117052
2025-06-30,1487.7518310546875,1511.7447031481738,1483.191240482831,1500.838885203447,8409527
2025-07-01,1515.3138427734375,1518.2881567329412,1487.256099345396,1487.7518183386467,10368523
2025-07-02,1505.796142578125,1516.9002002088087,1495.7825215605471,1515.3139235508756,6361002
2025-07-03,1504.8045654296875,1518.783816287235,1500.0456148706696,1507.7788792727886,11283291
2025-07-04,1514.223388671875,1516.900223008299,1504.2097675037892,1510.9515946827762,6603501
2025-07-07,1528.3016357421875,1531.5734294639212,1511.9429091838053,1513.5291857359532,7251074
2025-07-08,1524.43505859375,1531.6726044702705,1517.0983931213486,1522.8487819842126,7171261
2025-07-09,1505.9942626953125,1537.7202774459709,1497.1704406377573,1523.5426661942138,8870660
2025-07-10,1504.209716796875,1511.6455019531181,1494.5928164048603,1506.688311848956,10047129
2025-07-11,1482.3980712890625,1502.0285923917668,1477.540121836759,1499.0542783474266,7234991
2025-07-14,1470.9964599609375,1487.1569471972039,1466.4358695278945,1479.4236826617216,10311846
2025-07-15,1472.6820068359375,1483.6869442622558,1469.7076928815193,1473.4750846086956,8132454
2025-07-16,1472.8802490234375,1478.234038357326,1458.9009976142222,1460.388154594461,10409983
2025-07-17,1463.759033203125,1476.845965908467,1461.2804382949055,1474.6648507992907,11854613
2025-07-18,1463.3624267578125,1472.0871292027396,1456.521480639079,1472.0871292027396,10296318
2025-07-21,1416.3682861328125,1463.362470991638,1410.9153771961905,1452.4566531183941,22442744
2025-07-22,1400.70361328125,1419.640054314783,1398.6214967228645,1415.178583447059,20396320
2025-07-23,1412.4024658203125,1413.7905031420296,1402.2898472373465,1413.7905031420296,8354596
2025-07-24,1390.8883056640625,1410.8161839876018,1384.0473596954969,1407.0486714179167,14740507
2025-07-25,1379.7841796875,1389.0046012536307,1372.2492752918665,1386.9226057137396,11854722
2025-07-28,1375.7193603515625,1395.746480796028,1373.1416457270684,1380.379191620021,7748361
2025-07-29,1404.966796875,1408.0402305383973,1371.1587845273314,1371.1587845273314,10750072
2025-07-30,1398.0267333984375,1411.1137879299629,1389.3021514025702,1405.9582375902166,7209849
2025-07-31,1378.2969970703125,1390.5908519212596,1370.365493427784,1376.215001569177,17065827
2025-08-01,1381.76708984375,1393.8627060383,1372.4476694796913,1375.025384070285,10321171
2025-08-04,1399.4146728515625,1403.975263237478,1379.7841529413568,1383.155066191865,6312820
2025-08-05,1379.7841796875,1398.918980991344,1376.2150271869518,1398.918980991344,9315972
2025-08-06,1380.8748779296875,1383.9483114870873,1371.456217044825,1379.9825595355662,5834312
2025-08-07,1377.50390625,1381.7670168023217,1354.3042341107182,1375.818389126872,9976705
2025-08-08,1356.0888671875,1385.2370458989403,1353.312792536344,1373.1415514013454,8793606
2025-08-11,1374.331298828125,1376.1159356273254,1349.5453489789295,1358.2700517359046,9997486
2025-08-12,1368.5810546875,1389.8969719255274,1363.4255044148417,1370.0682117041065,12244664
2025-08-13,1370.7620849609375,1379.8833867126677,1365.7057756228248,1376.115874093997,7457021
2025-08-14,1367.4774169921875,1374.3455639562076,1363.794372575189,1370.961308962897,7126128
2025-08-18,1375.3409423828125,1388.4802648218374,1370.6626218339861,1383.602791829514,11785109
2025-08-19,1413.564208984375,1414.460091190419,1382.7068811681168,1383.6027633741608,14384719
2025-08-20,1406.4969482421875,1418.342205158243,1403.510755146132,1406.4969482421875,8725641
2025-08-21,1418.24267578125,1425.3099750709036,1413.7633861810953,1418.4417067156319,11021323
2025-08-22,1402.71435546875,1416.84907536351,1401.4204113959267,1413.464698965694,5818868
2025-08-25,1406.0987548828125,1412.9670232567023,1399.230486508923,1408.1890657335161,5979407
2025-08-26,1378.5262451171875,1403.5107021083375,1375.241384232256,1401.519906786198,12145259
2025-08-28,1379.521728515625,1385.7926612650012,1360.2109883890075,1383.50331940736,13161813
2025-08-29,1350.9537353515625,1397.0406983353935,1343.7869203796088,1374.7437651325777,18758842
2025-09-01,1347.6689453125,1356.9260708455383,1334.430107544873,1349.759256141992,11232238
2025-09-02,1360.2109375,1378.128095842481,1348.2661652716795,1348.5648331807902,11517006
2025-09-03,1366.2828369140625,1370.1649121838109,1354.2385492379765,1363.3961593284287,7847563
2025-09-04,1353.0440673828125,1367.6763641601647,1350.8541196588233,1365.4865379446771,13223177
2025-09-05,1368.671875,1374.6442613636364,1353.0441792852228,1356.7271022727273,5777575
2025-09-08,1372.15576171875,1379.6212446443146,1366.0838599076599,1373.6488583038629,6986720
2025-09-09,1369.8662109375,1374.843199236951,1362.4007284883235,1370.2643943031567,9754452
2025-09-10,1370.66259765625,1382.1096709119122,1367.7759200987732,1377.5308659113482,7790815
2025-09-11,1376.9337158203125,1379.1235422027225,1368.6718661340626,1369.6672638548873,9766072
2025-09-12,1388.579833984375,1389.873899637371,1374.146566892781,1376.9337291414593,7403368
2025-09-15,1392.8599853515625,1394.3530818320328,1382.2091575524387,1386.5889315301856,5396697
2025-09-16,1398.8323974609375,1401.5199225726963,1391.7649767809332,1398.2350616507645,8686961
2025-09-17,1407.2933349609375,1409.6821922648512,1400.4250664409112,1400.5245819104894,7519417
2025-09-18,1408.4876708984375,1415.4554544293837,1404.2074124117412,1413.8628424954393,9332642
2025-09-19,1400.9227294921875,1410.4785229891424,1397.1401696768169,1408.3882121473878,13461373
2025-09-22,1384.199951171875,1404.2074196840813,1381.6119415772491,1397.4387885526373,7757970
2025-09-23,1383.40380859375,1388.5798281670254,1370.4636381520502,1384.5982372618869,14014702
2025-09-24,1376.635009765625,1389.5751797778832,1374.0470000648747,1378.9244730635044,5922759
2025-09-25,1366.0838623046875,1378.128150477363,1362.6994857374575,1374.942926360271,11411143
2025-09-26,1371.2598876953125,1376.3363918134596,1359.7132983361805,1365.685684712474,9879109
2025-09-29,1366.48193359375,1382.6073268149732,1361.7039763015719,1375.2413599514077,14231999
2025-09-30,1357.722412109375,1370.7620971908361,1356.5279835173724,1370.7620971908361,14604684
2025-10-01,1362.4007568359375,1372.255218175594,1356.4283707523282,1360.7086293823172,12045916
2025-10-03,1357.125244140625,1365.287456651113,1350.6551591113212,1356.926091696157,12842347
2025-10-06,1368.671875,1371.0608538471567,1352.7455113636363,1353.740909090909,12396580
2025-10-07,1378.4267578125,1389.47564777439,1369.5676941462978,1369.667209612737,11244040
2025-10-08,1361.1068115234375,1382.6073771032557,1358.2201339506064,1378.426755451918,8525081
2025-10-09,1371.458984375,1373.6488106871855,1362.7989515764332,1367.676424553763,8826633
2025-10-10,1375.3409423828125,1381.6119964455866,1368.7713419175536,1371.45898859096,6373084
2025-10-13,1368.671875,1371.3594002602317,1361.505059967041,1370.5631549835205,7600682
2025-10-14,1369.5677490234375,1381.612037149334,1363.7943936365562,1373.6488553790207,9768174
2025-10-15,1367.97509765625,1377.6304066718624,1366.382364141153,1376.6350089791804,10882743
2025-10-16,1391.8646240234375,1394.0544503152107,1368.671809484766,1368.7713249510273,12315932
2025-10-17,1410.279541015625,1416.7496262080865,1392.6609284325848,1394.5522084059296,19335561
2025-10-20,1460.04931640625,1467.0170999313523,1426.7034952504036,1433.3726108781723,24721978
2025-10-21,1458.4566650390625,1467.2162134241023,1453.2806455896807,1461.2438272093502,2066169
2025-10-23,1441.7340087890625,1476.0752283864208,1437.9514490416038,1468.2115624957596,18707090
2025-10-24,1444.9193115234375,1453.0816457634617,1434.3681199531734,1443.3266994671071,9700837
2025-10-27,1477.2696533203125,1478.16553552233,1451.289798512833,1456.266786847925,14113867
2025-10-28,1480.056884765625,1485.1333888036675,1470.79963742504,1477.26972256393,17631577
2025-10-29,1497.277099609375,1501.3583271895798,1481.2512217130793,1483.1425015536738,11884745
2025-10-30,1481.6494140625,1496.1821955688695,1477.1701246011085,1493.0964871305005,9318663
2025-10-31,1479.5592041015625,1490.6080945575152,1475.4780977270138,1483.540795005222,8758053
2025-11-03,1477.866943359375,1488.1195884585134,1472.4918928888083,1479.1610089962214,8452085
2025-11-04,1466.3203125,1485.9297198935935,1463.334119430687,1477.07065615293,10007806
2025-11-06,1489.2144775390625,1494.6891648996161,1469.406038969176,1477.1701896475465,16772678
2025-11-07,1471.19775390625,1491.5038906434634,1469.1074431042953,1487.7213309001133,7821765
2025-11-10,1482.44580078125,1494.0919049344996,1468.7092643110286,1471.0982430243503,7068438
2025-11-11,1486.5269775390625,1491.9021495222175,1473.3876547459602,1490.1103850249956,7127506
2025-11-12,1504.5435791015625,1517.6827797499902,1493.0965058897411,1498.0734942427068,12384459
2025-11-13,1503.9464111328125,1515.0948167835015,1499.8653048593553,1508.0275174062697,7196443
2025-11-14,1511.9095458984375,1513.900341239272,1498.5711928131457,1498.5711928131457,7682823
2025-11-17,1511.3123779296875,1516.6874283079178,1504.5436249599409,1513.900387650411,5871416
2025-11-18,1512.4072265625,1520.7685911952462,1503.5481631005248,1514.696568271851,11045042
2025-11-19,1511.9095458984375,1515.2939222795571,1505.0412776708577,1510.4164493928117,5692366
2025-11-20,1541.9705810546875,1543.7623455509595,1519.6736478639639,1522.9585089376258,18171724
2025-11-21,1539.4820556640625,1550.6305827884978,1533.0119706260582,1533.9078528560988,9615271
2025-11-24,1528.831298828125,1542.8663816107544,1524.7501927010492,1542.8663816107544,18433951
2025-11-25,1532.61376953125,1552.4222077972818,1518.0809876078647,1528.8313312270848,15033482
2025-11-26,1562.6748046875,1564.3669320995493,1533.4100892950657,1535.2018536795324,14054299
2025-11-27,1556.2047119140625,1568.2489991897637,1548.8387449947777,1567.7513003642512,9794643
2025-11-28,1560.285888671875,1574.0224254817672,1555.806599039324,1560.7835875199362,8959508
2025-12-01,1558.892333984375,1570.2398922139623,1556.403839701944,1567.7513979315313,8920233
2025-12-02,1539.1834716796875,1560.2858537619331,1534.9032130787248,1553.9152843475838,11389150
2025-12-03,1531.718017578125,1545.2554018922647,1525.9446623591427,1538.0884656023031,6090883
2025-12-04,1528.53271484375,1553.3181423785347,1510.6155558800758,1528.9308982335338,11867930
2025-12-05,1533.5096435546875,1538.685784402705,1513.6016899280953,1523.356635808528,10183266
2025-12-08,1535.898681640625,1543.861863398969,1527.9354998822807,1532.1161217020071,11301491
2025-12-09,1522.3612060546875,1535.4008911036892,1513.1039592099478,1533.211064854301,11503971
2025-12-10,1529.8267822265625,1540.3779737710465,1524.3520947592017,1526.9401045329791,7991629
2025-12-11,1537.889404296875,1542.8663926602953,1516.9860531705099,1529.826707449835,4706197
2025-12-12,1549.3365478515625,1552.62140892391,1538.9843872841,1543.6628294631555,5106655
2025-12-15,1549.037841796875,1551.4268205626304,1539.3825327747268,1544.060853330096,5774543
2025-12-16,1535.201904296875,1544.5585453663573,1531.7180123854912,1537.8894294536826,11731856
2025-12-17,1537.292236328125,1542.8664391614582,1532.2157323461342,1542.8664391614582,7116649
2025-12-18,1537.292236328125,1544.3595357154854,1528.1345045583196,1528.1345045583196,6580829
2025-12-19,1557.8968505859375,1566.9549449740825,1543.8617679066683,1547.2461442463334,13937275
2025-12-22,1568.1495361328125,1570.2398469681211,1558.0960438231807,1566.2582562309594,10184852
2025-12-23,1563.4710693359375,1573.6241984599117,1560.8830596994947,1573.6241984599117,7506564
2025-12-24,1551.0286865234375,1568.448146711295,1546.4498812900458,1565.4619535362338,8815745
2025-12-26,1552.0240478515625,1553.8158123179846,1547.1466963201515,1547.5447581940155,2311495
2025-12-29,1538.4866943359375,1550.9291658570105,1536.495898892566,1547.7439417510202,5972105
2025-12-30,1532.71337890625,1546.449793829553,1530.7225835687998,1539.8801935176687,8815884
2025-12-31,1563.172607421875,1569.7422080874378,1533.9078900841737,1533.9078900841737,5771830
2026-01-01,1568.3485107421875,1585.1707553042595,1563.8692213237453,1566.457230908256,6408128
2026-01-02,1584.9718017578125,1587.2611435561273,1570.9365970213464,1572.7283614795997,6602230
2026-01-05,1570.8370361328125,1604.3820104615531,1568.049995566515,1585.6684856930358,8704973
2026-01-06,1500.6614990234375,1561.77894010158,1489.4135782872731,1561.77894010158,27417125
2026-01-07,1497.277099609375,1513.004431115157,1491.1056827700695,1503.0504545946628,11199340
2026-01-08,1463.831787109375,1496.9785780764303,1462.040144211037,1493.0965028672745,16518684
2026-01-09,1468.51025390625,1473.0890589574892,1458.2576091430024,1458.2576091430024,8335311
2026-01-12,1476.373779296875,1478.4642116159973,1444.322022844729,1468.5102348906719,8883745
2026-01-13,1446.11376953125,1478.9618923221497,1438.050951275772,1478.165525590484,13499760
2026-01-14,1452.086181640625,1460.2483939989072,1433.5716876182923,1437.3542473990606,8321764
2026-01-15,1452.086181640625,1452.086181640625,1452.086181640625,1452.086181640625,0
2026-01-16,1451.1903076171875,1473.1885721290346,1448.4031454989463,1452.0861898343726,17167161
2026-01-19,1407.0941162109375,1443.9238298491432,1396.8415931572963,1443.9238298491432,20392765
2026-01-20,1387.5843505859375,1409.4830993039366,1383.6027599099377,1404.207443054835,13189498
2026-01-21,1398.1356201171875,1406.3974698374059,1366.681076311502,1383.105138772638,17352720
2026-01-22,1396.0452880859375,1412.9670491536458,1388.5798052619484,1403.610286379211,15721693
2026-01-23,1379.720703125,1400.5245389866304,1374.6441992470054,1395.348519642108,9837802
2026-01-27,1374.146484375,1385.195374217857,1361.7040134914885,1373.6487855396595,26302396
2026-01-28,1390.2718505859375,1403.4111724845945,1378.526231208921,1378.6257466723232,11121657
2026-01-29,1384.59814453125,1396.4434009824272,1377.6303609139109,1396.4434009824272,20846683
2026-01-30,1388.9779052734375,1391.5659148620384,1372.1556606847782,1376.236766748553,11239835
2026-02-02,1384.0009765625,1386.4894707948447,1329.35361891851,1333.8329085367304,15711165
2026-02-03,1430.4859619140625,1482.6448239290096,1423.6176937150067,1467.1166446366906,25456171
2026-02-04,1450.095458984375,1457.2622740237098,1433.6713964697635,1437.3543194605445,8333387
2026-02-05,1436.757080078125,1454.7737543419996,1432.8750047042822,1450.2944646433757,11763658
2026-02-06,1444.123046875,1446.113842295832,1426.9026178813986,1434.865799564727,8277304
2026-02-09,1454.873291015625,1459.153549837875,1446.3128948796364,1451.2898835062008,5775864
2026-02-10,1451.7874755859375,1464.2299462371711,1445.5164217743147,1464.2299462371711,10259630
2026-02-11,1461.9405517578125,1463.234617369774,1446.91007080626,1452.882456999606,7106877
2026-02-12,1442.231689453125,1466.2207486838624,1438.8473131178025,1463.2345557130195,11135399
2026-02-13,1413.0665283203125,1444.0233720001163,1409.7817888672503,1438.8473526451965,10755693
2026-02-16,1430.4859619140625,1432.9744560797708,1402.8139796964888,1413.564201587246,5896514
2026-02-17,1416.450927734375,1425.2104761017015,1412.0711535507119,1424.5136248062843,10731630
2026-02-18,1434.666748046875,1435.4629932986807,1412.6683617554224,1420.4325123887006,5521096
2026-02-19,1403.0130615234375,1436.3588845536149,1393.5567833507007,1436.3588845536149,11884664
2026-02-20,1412.8675537109375,1420.8307355027325,1399.6287153786739,1403.013091941889,8177670
2026-02-23,1421.4278564453125,1428.2961245911818,1411.772547760535,1418.4416634695872,7758856
2026-02-24,1422.2242431640625,1426.7035326906043,1408.4877066792656,1418.7403513100855,12529409
2026-02-25,1392.063720703125,1433.8704252219175,1387.0867320699354,1428.395737725409,10728792
2026-02-26,1400.3255615234375,1406.397463315574,1385.4941111892442,1392.0637118415314,16683858
2026-02-27,1387.48486328125,1403.9089251530934,1381.711508080472,1391.5659695052796,12031440
2026-03-02,1351.75,1372.2551671563263,1335.3259388807069,1369.1694587628867,23728722
2026-03-04,1338.8099365234375,1346.5740873609554,1300.9848230751916,1323.8789706886037,32495007
2026-03-05,1383.005615234375,1392.5614090361375,1346.8726294272453,1346.8726294272453,25957532
2026-03-06,1398.334716796875,1417.7449716586152,1383.9014503612218,1390.0728674061675,19311971
2026-03-09,1417.4462890625,1422.8214608086796,1363.6948146177142,1368.6718029922313,24870822
2026-03-10,1402.3162841796875,1424.9117626543534,1394.1539503917586,1424.015880450879,18071259
2026-03-11,1383.8017578125,1427.4002232775151,1377.2321576556008,1418.34212900751,21848087
2026-03-12,1385.7926025390625,1404.4066120742223,1374.7437125844203,1383.6027762448114,20939959
2026-03-13,1374.3455810546875,1394.3531723993444,1372.0562392077015,1378.8248707870416,17265090
2026-03-16,1388.6793212890625,1390.8692691567512,1357.224777946389,1373.6488401657623,22837802
2026-03-17,1391.167724609375,1399.429573667814,1381.8109624429321,1392.5613056143347,19007744
2026-03-18,1401.6195068359375,1406.3974645008152,1390.7696473738063,1390.7696473738063,9559327
2026-03-19,1378.4267578125,1409.1844489610974,1369.7667250791762,1381.6119817895922,16498373
2026-03-20,1407.8905029296875,1423.4186824363833,1389.6746767818195,1391.5659566755692,22994918
2026-03-23,1401.3209228515625,1409.0849519631759,1384.598192981382,1393.5567722314413,18979554
2026-03-24,1405.302490234375,1415.8536813182018,1400.1263494042955,1413.4647025895886,18620893
2026-03-25,1406.596435546875,1423.9163794589117,1401.9181150601291,1413.464703831985,19041331
2026-03-27,1341.8956298828125,1398.235116023098,1338.809921280448,1394.552193095842,23266517
2026-03-30,1337.7149658203125,1358.7178325566667,1327.960019957529,1328.855902170806,24393861
2026-04-01,1362.8984375,1378.028554948465,1356.6275051009459,1377.8294025098971,14404619
2026-04-02,1344.2845458984375,1351.9490593116357,1321.8880984473344,1350.7546307176451,21280051
2026-04-06,1298.6953125,1352.7454554606609,1284.0630151171836,1352.7454554606609,29274881
2026-04-07,1298.5958251953125,1302.2788696189978,1285.058440671965,1289.040031502862,28388922
2026-04-08,1341.5970458984375,1344.3840865060406,1320.0963587364665,1342.7914745147666,21817543
2026-04-09,1323.87890625,1343.7868597274437,1320.195983460075,1339.8052690319548,20725390
2026-04-10,1343.9859619140625,1346.0763943468285,1325.3720730291864,1330.8467605257397,19364461
2026-04-13,1309.0474853515625,1321.4899565481755,1303.970981405046,1315.1193869938081,28753269
2026-04-15,1337.9140625,1340.8007402141902,1328.059600686701,1330.8467629297493,15313779
2026-04-16,1337.1177978515625,1347.5694738488123,1323.8789596516422,1345.7777093601655,30211012
2026-04-17,1358.7178955078125,1362.1022720767137,1333.832952366644,1333.832952366644,13869105
2026-04-20,1357.0257568359375,1366.6810660920328,1346.5740808024586,1356.9261198573818,13614733
2026-04-21,1347.07177734375,1363.4958396538184,1343.8864317482064,1352.7454957201878,27293629
2026-04-22,1355.8311767578125,1359.7132520720183,1342.8910067161314,1344.085556855853,9525953
2026-04-23,1337.21728515625,1349.261572940554,1334.529638479888,1339.8052948565,16385079
2026-04-24,1321.6890869140625,1339.7057606040942,1318.9019248091768,1333.8328899956957,11744802
2026-04-27,1359.51416015625,1365.2873936261717,1304.9663202853897,1306.9571155871217,24673098
2026-04-28,1382.5078125,1388.7787447541255,1350.75460334444,1351.7500009887617,41027699
2026-04-29,1418.83984375,1427.2012083655534,1384.896807968084,1385.5935377241706,30542143
2026-04-30,1424.215087890625,1430.386505071105,1386.6885214286783,1402.5153692729207,30957881
2026-05-01,1424.215087890625,1424.215087890625,1424.215087890625,1424.215087890625,0
2026-05-04,1456.3663330078125,1460.6465916696056,1426.8030702776819,1426.8030702776819,24035700
2026-05-05,1456.864013671875,1466.6189594959255,1443.3266295857375,1453.280606341501,23543341
2026-05-06,1431.2823486328125,1466.519450812893,1420.9301884572374,1456.2668061036345,14221786
2026-05-07,1429.590087890625,1442.828925531327,1423.717338832762,1432.1782190445704,19816903
2026-05-08,1428.5947265625,1436.1598462687914,1410.9762359236815,1419.4371163507371,8663105
2026-05-11,1381.81103515625,1421.427912122738,1375.6396180347506,1413.4647305422184,15261787
2026-05-12,1357.722412109375,1387.0866431630602,1354.0394893602804,1385.593546668805,24357500
2026-05-13,1352.54638671875,1366.0837705701026,1346.1758174038478,1355.1343963286624,13797989
2026-05-14,1355.5325927734375,1371.6579863902991,1352.148216400817,1358.9168476375535,17303059
2026-05-15,1330.24951171875,1358.5188307246153,1323.082575367519,1350.5556491178086,19976192
2026-05-18,1329.7518310546875,1335.8237328112184,1312.6309174607939,1327.860551095503,13022473
2026-05-19,1316.6124267578125,1337.8144453658963,1312.3322897558653,1332.5387892026445,21665501
2026-05-20,1353.442138671875,1356.6274840630256,1306.558933569541,1312.6308349443716,13248515
2026-05-21,1343.388671875,1364.590690861155,1339.0088978228712,1360.9076465750106,17150630
2026-05-22,1348.26611328125,1361.106767233248,1342.8909416840763,1343.7868238683554,7105813
2026-05-25,1360.7086181640625,1364.7897243191815,1350.7546414401118,1360.5095872329855,6750071
2026-05-26,1350.0579833984375,1362.2017870434288,1346.1759079681497,1353.8404218493883,13769747
2026-05-27,1344.2845458984375,1354.736221375619,1342.393266034199,1346.7730400596713,13215138
2026-05-28,1344.2845458984375,1344.2845458984375,1344.2845458984375,1344.2845458984375,0
2026-05-29,1315.119384765625,1362.6994431442622,1310.9387630540493,1357.7224546740495,42634247
2026-06-01,1313.9249267578125,1329.353590670499,1312.4318302501333,1326.3673976551404,10700603
2026-06-02,1308.5498046875,1321.689127358814,1294.3156903458798,1301.6815361898255,23302785
2026-06-03,1307.15625,1317.906594083847,1295.0124463014238,1308.9480145168118,20012293
2026-06-04,1297.699951171875,1305.1654340270677,1287.1487597049047,1295.0124259474096,23474327
2026-06-05,1291.0,1306.0,1288.0,1304.5,17785223
2026-06-08,1263.300048828125,1282.5999755859375,1259.199951171875,1277.0,16494759
2026-06-09,1269.199951171875,1274.199951171875,1257.5,1269.0,23620214
2026-06-10,1258.800048828125,1300.5,1254.4000244140625,1275.0,21012796
2026-06-11,1263.0,1276.0,1253.199951171875,1258.0,13117486
2026-06-12,1293.0,1297.0,1262.5,1277.0,11988785
2026-06-15,1307.0,1325.0,1303.300048828125,1315.300048828125,18633321
2026-06-16,1328.800048828125,1333.4000244140625,1306.4000244140625,1313.4000244140625,18513223
2026-06-17,1332.699951171875,1334.0,1317.0,1333.0,10029170
2026-06-18,1328.0999755859375,1333.9000244140625,1322.0,1330.0,15494549
2026-06-19,1309.5,1338.199951171875,1305.300048828125,1328.0,24887034
2026-06-22,1326.5,1344.9000244140625,1314.0999755859375,1316.699951171875,12931213
2026-06-23,1309.5,1333.0,1304.0,1328.9000244140625,15400184
2026-06-24,1313.5999755859375,1322.0,1297.5,1305.699951171875,11030917
2026-06-25,1318.0999755859375,1328.0,1314.5999755859375,1318.0,12694362
2026-06-26,1318.0999755859375,1318.0999755859375,1318.0999755859375,1318.0999755859375,0
2026-06-29,1301.0,1313.699951171875,1292.5999755859375,1308.0,13757656
2026-06-30,1293.9000244140625,1306.9000244140625,1290.0,1306.9000244140625,15695263
2026-07-01,1308.0,1312.199951171875,1296.5,1298.9000244140625,7001401
2026-07-02,1303.5,1313.199951171875,1299.0,1310.0,17795024
2026-07-03,1304.0,1312.0,1302.0,1312.0,7839550
2026-07-06,1321.300048828125,1325.5999755859375,1299.4000244140625,1304.0,7610709
2026-07-07,1308.4000244140625,1328.0,1304.0999755859375,1323.5,14335554
2026-07-08,1275.9000244140625,1302.300048828125,1271.5999755859375,1297.0,19960868
2026-07-09,1279.800048828125,1296.5,1274.199951171875,1277.0999755859375,14651963
2026-07-10,1307.800048828125,1311.0999755859375,1287.800048828125,1291.9000244140625,8412537
2026-07-13,1296.9000244140625,1306.4000244140625,1295.0,1300.0,9488352
2026-07-14,1293.0,1308.0,1286.9000244140625,1290.0,13511284
2026-07-15,1295.5,1310.9000244140625,1294.0999755859375,1294.0999755859375,9577965
2026-07-16,1296.5999755859375,1309.4000244140625,1291.800048828125,1295.5,15631046
2026-07-17,1327.199951171875,1330.300048828125,1296.0999755859375,1300.0,18302218
2026-07-20,1323.0999755859375,1345.9000244140625,1314.9000244140625,1317.199951171875,14305844
2026-07-21,1303.699951171875,1326.9000244140625,1302.699951171875,1321.0,12753410
2026-07-22,1288.5999755859375,1304.5999755859375,1280.699951171875,1302.0,10840383
2026-07-23,1272.199951171875,1287.300048828125,1268.0,1283.0,12580741
2026-07-24,1278.0,1283.4000244140625,1249.800048828125,1265.0,9817000
2026-07-27,1280.0,1288.699951171875,1278.0,1288.199951171875,7163132
2026-07-28,1267.699951171875,1279.199951171875,1265.9000244140625,1275.0,9312184
2026-07-29,1275.9000244140625,1282.4000244140625,1268.699951171875,1275.0,9448307
2026-07-30,1292.9000244140625,1297.0,1275.300048828125,1279.800048828125,12158451
2026-07-31,1307.800048828125,1309.699951171875,1293.5999755859375,1295.0,8624996
2026-08-03,1319.0,1319.0,1306.0,1315.199951171875,7508023
2026-08-04,1290.9000244140625,1315.0,1286.4000244140625,1315.0,10759546
2026-08-05,1280.0,1299.0,1270.0999755859375,1293.0,24820782
2026-08-06,1325.0,1325.199951171875,1281.199951171875,1285.0,20342297
2026-08-07,1334.800048828125,1337.0,1316.5999755859375,1320.0,9885638
2026-08-10,1327.300048828125,1332.9000244140625,1321.300048828125,1330.0999755859375,8207102
2026-08-11,1323.9000244140625,1328.699951171875,1314.0999755859375,1326.5999755859375,9953124
2026-08-12,1329.0,1329.0,1309.199951171875,1323.9000244140625,7901012
2026-08-13,1317.0,1327.800048828125,1307.199951171875,1327.800048828125,9397301
2026-08-14,1310.0,1317.5,1301.5,1317.0,10497358
2026-08-17,1316.0,1320.800048828125,1298.0999755859375,1314.0,13383867
2026-08-18,1322.0,1328.5999755859375,1311.199951171875,1314.0,10180567
2026-08-19,1311.0,1321.5999755859375,1303.5,1320.300048828125,7489365
2026-08-20,1313.199951171875,1316.5,1307.0,1315.5,5546227
2026-08-21,1316.0,1316.0,1308.0,1314.0,5434871
2026-08-24,1309.800048828125,1320.0,1302.4000244140625,1316.5999755859375,7277167
2026-08-25,1317.0,1317.0999755859375,1300.0,1304.300048828125,7115355
2026-08-26,1298.0,1315.5999755859375,1298.0,1310.0,5744474
2026-08-27,1282.199951171875,1308.4000244140625,1282.199951171875,1305.0,11271497
2026-08-28,1287.0,1291.800048828125,1280.0,1284.9000244140625,6830228
2026-08-31,1277.0,1297.5999755859375,1271.0,1278.699951171875,34871137
2026-09-01,1309.0,1311.800048828125,1280.0,1285.0,12617528
2026-09-02,1313.0999755859375,1321.9000244140625,1293.0999755859375,1298.0,13497841
2026-09-03,1302.5,1316.800048828125,1302.5,1313.0999755859375,9721454
2026-09-04,1322.0,1333.0,1304.0999755859375,1304.0999755859375,13031534
2026-09-07,1309.5,1324.199951171875,1301.9000244140625,1323.0999755859375,10210522
2026-09-08,1294.9000244140625,1306.800048828125,1288.0,1304.0999755859375,9799528
2026-09-09,1279.0,1294.699951171875,1277.199951171875,1283.5,12152819
2026-09-10,1274.0,1285.300048828125,1266.300048828125,1278.5,9296079
2026-09-11,1257.5,1267.4000244140625,1253.0,1267.0,8777736
2026-09-14,1257.5,1257.5,1257.5,1257.5,0
2026-09-15,1235.300048828125,1259.4000244140625,1235.300048828125,1252.5,13754376
2026-09-16,1240.0,1255.0,1240.0,1243.0,10023997
2026-09-17,1243.9000244140625,1253.4000244140625,1238.5,1244.800048828125,7752895
2026-09-18,1226.4000244140625,1247.300048828125,1226.4000244140625,1245.0,15122715
2026-09-21,1247.4000244140625,1249.0999755859375,1232.5,1234.0999755859375,10007218
2026-09-22,1240.4000244140625,1251.9000244140625,1237.4000244140625,1247.5999755859375,10684376
2026-09-23,1248.0,1252.800048828125,1238.9000244140625,1242.0,8352048
2026-09-24,1219.199951171875,1241.5999755859375,1219.199951171875,1236.5999755859375,13923795
2026-09-25,1226.0,1227.4000244140625,1210.5,1210.5,13138735
2026-09-28,1197.5999755859375,1219.699951171875,1197.0,1218.0,13602349
2026-09-29,1182.0,1198.300048828125,1181.800048828125,1193.800048828125,24191416
2026-09-30,1187.0,1196.5,1181.699951171875,1182.0,16376789
2026-10-01,1167.699951171875,1183.9000244140625,1160.800048828125,1180.0999755859375,16771221
2026-10-05,1186.4000244140625,1193.0,1171.199951171875,1171.199951171875,14251054
